"","name","Wikipedia","first_season","school","Conf.Hired","School.Leaving","Conf.Leaving","Previous.Position","SideOfBall","Wins.at.Prev","Losses.at.Prev","ConnectionToHiring.School","WinsPostHire","LossesPostHire","PrevHCAnyLevel","Fired","StillEmployedAtSchool","NFLCoachingExperience","RecruitingCoord","OffFieldIssuesFiring","Former.College.Player","PlayedNFL","Played.Power.4","WonNCasHCany","WonCCasHCany","WonNCasCoordAny","WonCCasCoordAny","Birth.Year","WinsBeforeHireAny","LossesBeforeHireAny","last_season","Regional.Ties","numb_years_Coord_HC","PreviousHC","PreviousOC","PreviousDC","PreviousWinPct","Conf.LeavingP4","LeavingNFL","SameConf","AgeAtHiringMinus50","PromoteWithin","GamesAsHCPrior","AllPriorWinPct","coach_sp","coach_winpct","coach_srs","sp_rel_team","winpct_rel_team","srs_rel_team","team_sp_prev","team_srs_prev","team_winpct_prev","sp_rel_team_z","srs_rel_team_z","winpct_rel_team_z","sp_rel_team_p","srs_rel_team_p","winpct_rel_team_p","team_sp_recent","team_srs_recent","team_winpct_recent","sp_prev_rel","srs_prev_rel","winpct_prev_rel"
"1","Kirk Ferentz","https://en.wikipedia.org/wiki/Kirk_Ferentz",1999,"Iowa","Big Ten","Ravens","NFL","OL","O",0,0,1,213,128,1,0,1,1,0,0,1,0,0,0,0,0,0,1955,12,21,2025,1,5,0,0,0,0.5,0,1,0,-6,0,33,0.363636363636364,13.504347826087,0.624633431085044,10.0347826086957,4.21204013377926,0.0190778755294885,1.46555183946488,9.29230769230769,8.56923076923077,0.605555555555556,0.518198416300583,0.205346672541109,0.116802254759559,0.0781596574255032,0.0350794433723444,3.90937026699678e-05,9.5,8.86,0.551724137931034,NA,NA,NA
"2","Mike Gundy","https://en.wikipedia.org/wiki/Mike_Gundy",2005,"Oklahoma State","Big 12","Oklahoma State","Big 12","OC","O",0,0,1,170,90,0,1,0,0,0,0,1,0,1,0,0,0,0,1967,0,0,2025,1,5,0,1,0,0.5,1,0,1,-12,1,0,NA,13.9411764705882,0.653846153846154,10.5117647058824,13.7642533936652,0.235241502683363,10.4963800904977,0.176923076923077,0.0153846153846154,0.418604651162791,1.69338707220661,1.47070657432183,1.44024096833912,0.448158579527184,0.428745932542416,0.00515940278519711,6.34,3.84,0.516666666666667,NA,NA,NA
"3","Kyle Whittingham","https://en.wikipedia.org/wiki/Kyle_Whittingham",2005,"Utah","Big 12","Utah","Big 12","DC","D",0,0,1,177,88,0,0,0,0,0,0,1,1,1,0,0,0,0,1959,0,0,2025,1,13,0,0,1,0.5,1,0,1,-4,1,0,NA,12.3764705882353,0.667924528301887,9.65,5.72647058823529,0.0372427101200685,4.97142857142857,6.65,4.67857142857143,0.630681818181818,0.704515601838021,0.696574687724049,0.228014513914657,0.142716904758791,0.167890621066704,3.47626328898176e-05,10.9833333333333,11.1666666666667,0.677966101694915,9.71837606837607,9.02669683257919,0.0850673854447439
"4","Dabo Swinney","https://en.wikipedia.org/wiki/Dabo_Swinney",2008,"Clemson","ACC","Clemson","ACC","OC","O",0,0,1,187,53,0,0,1,0,1,0,1,0,1,0,0,0,0,1969,0,0,2025,1,2,0,1,0,0.5,1,0,1,-11,1,0,NA,18.95625,0.779166666666667,15.74,10.2419642857143,0.182481583793738,8.79714285714286,8.71428571428571,6.94285714285714,0.596685082872928,1.26004727022917,1.23261693304733,1.11722400150157,0.131991047908062,0.151613379843375,0.000128606643861828,14.44,11.64,0.645161290322581,NA,NA,NA
"5","Mark Stoops","https://en.wikipedia.org/wiki/Mark_Stoops",2013,"Kentucky","SEC","Florida State","ACC","DC","D",0,0,0,82,80,0,1,0,0,0,0,1,0,1,0,0,1,1,1967,0,0,2025,1,10,0,0,1,0.5,1,0,0,-4,0,0,NA,5.60909090909091,0.506172839506173,3,5.90909090909091,0.0862833367437419,3.13076923076923,-0.3,-0.130769230769231,0.419889502762431,0.726982994846162,0.438669603299252,0.528260511201563,0.269647336918617,0.170193269152063,0.00410333014953146,-1.48,-0.32,0.428571428571429,NA,NA,NA
"6","Dave Doeren","https://en.wikipedia.org/wiki/Dave_Doeren",2013,"NC State","ACC","Northern Illinois","MidMajor","HC","D",23,4,0,95,70,1,0,1,0,1,0,1,0,0,0,1,0,0,1971,23,4,2025,0,9,1,0,0,0.851851591221044,0,0,0,-8,0,27,0.851851851851852,6.52727272727273,0.575757575757576,4.89,1.52727272727273,0.0244062244062244,1.25153846153846,5,3.63846153846154,0.551351351351351,0.187897143283316,0.175360060090389,0.149424501507439,0.058254523107342,0.0584741491308592,0.000156558314004518,3.2,2.24,0.555555555555556,12.0538461538462,9.85769230769231,0.368705784436121
"7","James Franklin","https://en.wikipedia.org/wiki/James_Franklin_(American_football_coach)",2014,"Penn State","Big Ten","Vanderbilt","SEC","HC","O",24,15,0,104,45,1,1,0,1,1,0,1,0,0,0,0,0,0,1972,24,15,2025,1,9,1,0,0,0.615384556213048,1,0,0,-8,0,39,0.615384615384615,19.04,0.697986577181208,15.11,4.23230769230769,0.0551294343240651,5.52538461538462,14.8076923076923,9.58461538461538,0.642857142857143,0.520691891290881,0.774192570147058,0.337524071939602,0.0246669950565245,0.0725197154801559,3.18278623288037e-05,12.6,6.28,0.694915254237288,13.8410256410256,12.8230769230769,0.337927967985772
"8","Jim McElwain","https://en.wikipedia.org/wiki/Jim_McElwain",2015,"Florida","SEC","Colorado State","MidMajor","HC","O",22,16,0,22,12,1,1,0,0,0,0,1,0,0,0,0,1,1,1962,22,16,2017,1,16,1,0,0,0.578947326869828,0,0,0,3,0,38,0.578947368421053,13.1,0.647058823529412,7.06666666666667,-8.27333333333334,-0.0627857360560804,-8.97333333333333,21.3733333333333,16.04,0.709844559585492,-1.01785075514307,-1.25730396699923,-0.384398961338929,-0.0492420640617312,-0.148744840865904,-3.0298835496323e-05,16.7166666666667,11.3333333333333,0.587301587301587,-2.26410256410256,-1.86923076923077,0.0680778032036613
"9","Pat Narduzzi","https://en.wikipedia.org/wiki/Pat_Narduzzi",2015,"Pittsburgh","ACC","Michigan State","Big Ten","DC","D",0,0,0,80,61,0,0,1,0,0,0,1,0,0,0,0,0,1,1966,0,0,2025,1,14,0,0,1,0.5,1,0,0,-1,0,0,NA,7.21111111111111,0.567375886524823,6.1875,-3.0031746031746,-0.00789293067947838,0.273214285714285,10.2142857142857,5.91428571428571,0.575268817204301,-0.369474239041229,0.0382815830538001,-0.0483236248501036,-0.083052640864574,0.010661190039485,-4.25345883616757e-05,9.56666666666667,5.35,0.523809523809524,NA,NA,NA
"10","Kalani Sitake","https://en.wikipedia.org/wiki/Kalani_Sitake",2016,"BYU","Big12","Oregon State","MidMajor","DC","D",0,0,1,84,45,0,0,1,0,0,0,1,0,1,0,0,0,0,1975,0,0,2025,1,7,0,0,1,0.5,0,0,0,-9,0,0,NA,6.3625,0.651162790697674,5.775,-2.25288461538462,-0.00328747108243022,-0.148076923076923,8.61538461538461,5.92307692307692,0.654450261780105,-0.277167643878256,-0.0207478866425322,-0.0201271904878076,-0.0722949431073805,-0.00591609034921758,-2.72967610648323e-06,9.34,7.8,0.661538461538462,NA,NA,NA
"11","Kirby Smart","https://en.wikipedia.org/wiki/Kirby_Smart",2016,"Georgia","SEC","Alabama","SEC","DC","D",0,0,1,117,21,0,0,1,1,0,0,1,0,1,0,0,1,1,1975,0,0,2025,1,9,0,0,1,0.5,1,0,1,-9,0,0,NA,27.1375,0.847826086956522,21.7375,4.69134615384615,0.108030168589175,6.54519230769231,22.4461538461538,15.1923076923077,0.739795918367347,0.577166425301755,0.91708353490725,0.661403165869656,0.00245589616876074,0.0154799479568402,2.85393179366711e-06,24.08,16.76,0.742424242424242,NA,NA,NA
"12","Major Applewhite","https://en.wikipedia.org/wiki/Major_Applewhite",2016,"Houston","Big12","Houston","Big12","OC","O",0,0,0,15,11,0,1,0,0,0,0,1,0,1,0,0,0,0,1978,0,0,2018,1,10,0,1,0,0.5,1,0,1,-12,1,0,NA,6.7,0.576923076923077,2.33333333333333,6.69285714285714,0.00549450549450547,3.74047619047619,0.00714285714285724,-1.40714285714286,0.571428571428571,0.823408101964769,0.524099058627625,0.0336395228889636,0.29476113337415,0.2062918798323,2.78346270313756e-05,5.08333333333333,3.58333333333333,0.707692307692308,NA,NA,NA
"13","Lovie Smith","https://en.wikipedia.org/wiki/Lovie_Smith",2016,"Illinois","Big Ten","Tampa","NFL","HC","D",0,0,0,17,39,1,1,0,1,0,0,1,0,0,0,0,0,0,1958,89,87,2020,1,14,1,0,0,0.5,0,1,0,8,0,176,0.505681818181818,-5.36,0.303571428571429,-7.96,-5.66,-0.0831689029202842,-6.12923076923077,0.3,-1.83076923076923,0.386740331491713,-0.696337865524955,-0.858800835156864,-0.509192722845515,-0.25991096343525,-0.266418305405826,-0.0225954142700799,-0.78,-4.9,0.377049180327869,NA,NA,NA
"14","Tom Allen","https://en.wikipedia.org/wiki/Tom_Allen_(American_football)",2016,"Indiana","Big Ten","Indiana ","Big Ten","DC","D",0,0,0,33,49,0,1,0,0,0,0,1,0,0,0,0,0,0,1970,0,0,2023,1,6,0,0,1,0.5,1,0,1,-4,0,0,NA,2.2625,0.402439024390244,1.825,7.89326923076923,0.061656901485216,7.77115384615385,-5.63076923076923,-5.94615384615385,0.340782122905028,0.971092269994284,1.08885986912302,0.37748779227696,0.365392539993746,0.39853260853744,0.0115991901675969,-3.58,-4.16,0.327868852459016,NA,NA,NA
"15","Matt Campbell","https://en.wikipedia.org/wiki/Matt_Campbell_(American_football_coach)",2016,"Iowa State","Big12","Toledo","MAC","HC","O",35,15,0,72,55,1,0,0,0,0,0,1,0,1,0,0,1,1,1979,35,15,2025,0,8,1,0,0,0.699999920000032,0,0,0,-13,0,50,0.7,9.2875,0.566929133858268,10.95,10.0567307692308,0.183145350074484,12.5730769230769,-0.769230769230769,-1.62307692307692,0.383783783783784,1.23725838127302,1.76168419310228,1.12128783964249,0.411100477478857,0.527468652658638,0.00913560148822123,-1.6,0.0999999999999999,0.32258064516129,4.64923076923077,7.14153846153846,0.0922651933701657
"16","Ed Orgeron","http://en.wikipedia.org/wiki/Ed_Orgeron",2016,"LSU","SEC","LSU","SEC","DL","D",0,0,1,51,20,1,1,0,1,1,0,1,0,1,0,0,0,0,1961,10,25,2021,1,15,0,0,0,0.5,1,0,1,5,1,35,0.285714285714286,18.9666666666667,0.71830985915493,15.9,-4.81794871794872,-0.057200344926703,-1.33076923076923,23.7846153846154,17.2307692307692,0.775510204081633,-0.592742071813622,-0.18646152670951,-0.350203000860157,-0.00809700930272017,-0.0050629117643024,-4.44100402463565e-06,25.1,19.62,0.769230769230769,-7.8952380952381,-8.03809523809524,-0.291428571428571
"17","D.J. Durkin","https://en.wikipedia.org/wiki/D.J._Durkin",2016,"Maryland","Big Ten","Michigan","Big Ten","DC","D",0,0,0,10,15,0,1,0,0,0,1,1,0,0,0,0,0,0,1978,0,0,2018,0,3,0,0,1,0.5,1,0,1,-12,0,0,NA,-2.55,0.4,-0.8,-8.50384615384615,-0.135911602209945,-3.76923076923077,5.95384615384615,2.96923076923077,0.535911602209945,-1.04621026139962,-0.528128023628092,-0.832104264521923,-0.391198536947332,-0.205932962765866,-0.00664643635027862,-0.18,-4.2,0.392857142857143,NA,NA,NA
"18","Mark Richt","https://en.wikipedia.org/wiki/Mark_Richt",2016,"Miami","ACC","Georgia","SEC","HC","O",145,51,1,26,13,1,0,0,0,0,0,1,0,1,0,1,0,0,1960,145,51,2018,1,23,1,0,0,0.739795893898378,1,0,0,6,0,196,0.739795918367347,16.2333333333333,0.666666666666667,13.1666666666667,-2.3974358974359,0.0073260073260073,2.28974358974359,18.6307692307692,10.8769230769231,0.659340659340659,-0.294951483313325,0.320828792584957,0.0448526971852848,-0.0119544809206349,0.0312217456509828,4.73542013168515e-06,13.28,5.72,0.56140350877193,10.3461538461538,5.89230769230769,0.103432282003711
"19","Barry Odom","https://en.wikipedia.org/wiki/Barry_Odom",2016,"Missouri","SEC","Missouri","SEC","DC","D",0,0,1,25,25,0,1,0,0,1,0,1,0,1,0,0,0,1,1976,0,0,2019,1,4,0,0,1,0.5,1,0,1,-10,1,0,NA,9.675,0.5,6.25,-1.93269230769231,-0.117801047120419,-2.68076923076923,11.6076923076923,8.93076923076923,0.617801047120419,-0.237775059409004,-0.375617584151816,-0.721224325813122,-0.0403293934069985,-0.085185242827133,-0.00102461628483219,12.18,11.02,0.630769230769231,NA,NA,NA
"20","Chris Ash","https://en.wikipedia.org/wiki/Chris_Ash",2016,"Rutgers","Big Ten","Ohio State","Big Ten","DC","D",0,0,0,8,32,0,1,0,0,1,0,1,0,0,0,0,0,1,1973,0,0,2019,1,5,0,0,1,0.5,1,0,1,-7,0,0,NA,-11.825,0.2,-11.65,-9.48653846153846,-0.310752688172043,-10.2884615384615,-2.33846153846154,-1.36153846153846,0.510752688172043,-1.16710882394489,-1.44157394204607,-1.90255013431582,-0.31392807680147,-0.373048575926964,-0.109502947693799,-3.78,-1.26,0.5625,NA,NA,NA
"21","Will Muschamp","https://en.wikipedia.org/wiki/Will_Muschamp",2016,"South Carolina","SEC","Auburn","SEC","DC","D",0,0,0,28,30,1,1,0,1,0,0,1,0,1,0,0,1,1,1971,28,21,2020,1,15,0,0,1,0.5,1,0,1,-5,0,49,0.571428571428571,4.22,0.482758620689655,2.18,-8.28714285714286,-0.112986060161409,-6.23428571428571,12.5071428571429,8.41428571428571,0.595744680851064,-1.01954971173909,-0.873520671617169,-0.691745082561903,-0.239882985089462,-0.260806431547158,-0.00142765261429256,13.1166666666667,10.0833333333333,0.671875,-7.31428571428571,-7.97142857142857,-0.20059215396003
"22","Dino Babers","https://en.wikipedia.org/wiki/Dino_Babers",2016,"Syracuse","ACC","Bowling Green","MidMajor","HC","O",18,9,0,41,55,1,1,0,0,1,0,1,0,0,0,1,0,0,1961,37,16,2023,1,10,1,0,0,0.666666543209968,0,0,0,5,0,53,0.69811320754717,-0.7,0.427083333333333,0.7,0.753846153846154,0.0227117486338798,3.18461538461538,-1.45384615384615,-2.48461538461538,0.404371584699454,0.0927441027744571,0.446214289351082,0.139050254619237,0.0366633097933349,0.175195968516513,0.00218400589061152,-0.62,0.22,0.419354838709677,2.71153846153846,2.12692307692308,0.120218579234973
"23","Bronco Mendenhall","https://en.wikipedia.org/wiki/Bronco_Mendenhall",2016,"Virginia","ACC","BYU","Big 12","HC","D",99,43,0,36,38,1,0,0,0,0,0,1,0,1,0,1,0,0,1966,99,43,2021,0,22,1,0,0,0.697183070819286,1,0,0,0,0,142,0.697183098591549,3.08333333333333,0.486486486486487,1.96,-0.901282051282051,0.0241208950886371,0.467692307692307,3.98461538461538,1.49230769230769,0.462365591397849,-0.110882830357897,0.0655309874216081,0.147677603243443,-0.0402296561712615,0.0253852360156321,0.000873206906375046,0.72,-2.84,0.370967741935484,1.14102564102564,3.14102564102564,0.0695235241234642
"24","Justin Fuente","https://en.wikipedia.org/wiki/Justin_Fuente",2016,"Virginia Tech","ACC","Memphis","MidMajor","HC","O",26,23,0,43,31,1,1,0,0,0,0,1,0,1,0,1,0,1,1976,26,23,2021,0,10,1,0,0,0.53061223240317,0,0,0,-10,0,49,0.530612244897959,9.58333333333333,0.581081081081081,6.58,-7.4474358974359,-0.117411381230477,-6.06615384615385,17.0307692307692,12.6461538461538,0.698492462311558,-0.916242335062622,-0.849962774353292,-0.718838638031599,-0.101121685353813,-0.140070918563988,-0.000177629398469992,12.44,6.16,0.606060606060606,8.75384615384615,7.37115384615385,0.154207750515937
"25","Chad Morris","https://en.wikipedia.org/wiki/Chad_Morris",2017,"Arkansas","SEC","SMU","Big12","HC","O",14,22,0,4,18,1,1,0,0,0,0,0,0,0,0,0,0,1,1968,0,0,2019,1,5,1,0,0,0.38888895061725,1,0,0,-1,0,0,NA,-3.05,0.181818181818182,-7.4,-17.9807692307692,-0.38961038961039,-17.9307692307692,14.9307692307692,10.5307692307692,0.571428571428571,-2.21213612484993,-2.51238045525935,-2.38534798667197,-0.613144922685433,-0.78006265786123,-0.132585412868881,10.48,8.1,0.46031746031746,-0.273076923076923,1.64615384615385,-0.062984496124031
"26","Matt Rhule","https://en.wikipedia.org/wiki/Matt_Rhule",2017,"Baylor","Big12","Temple","MidMajor","HC","O",28,23,0,19,20,1,0,0,1,1,0,1,0,1,0,1,0,0,1975,28,23,2019,0,11,1,0,0,0.549019588619769,0,0,0,-8,0,51,0.549019607843137,6.13333333333333,0.487179487179487,4.36666666666667,3.2025641025641,-0.0155232155232155,3.05128205128205,2.93076923076923,1.31538461538462,0.502702702702703,0.3940047087255,0.427532209603693,-0.0950392286304414,0.133958626334014,0.156564306285714,-0.000385697681332453,17.22,16,0.723076923076923,10.625,9.89615384615385,0.21187675070028
"27","Justin Wilcox","https://en.wikipedia.org/wiki/Justin_Wilcox_(American_football)",2017,"California","ACC","Wisconsin","Big Ten","DC","D",0,0,0,48,55,0,1,0,0,0,0,1,0,1,0,0,0,1,1976,0,0,2025,1,14,0,0,1,0.5,1,0,0,-9,0,0,NA,0.422222222222222,0.466019417475728,1.3375,-10.9547008547009,-0.0712146250774633,-7.17019230769231,11.3769230769231,8.50769230769231,0.537234042553192,-1.34773374746056,-1.00465578372313,-0.436003933878658,-0.398481461262638,-0.309052921013133,-0.00166194333246539,2.1,0.7,0.360655737704918,NA,NA,NA
"28","Luke Fickell","https://en.wikipedia.org/wiki/Luke_Fickell",2017,"Cincinnati","Big12","Ohio State","Big Ten","DC","D",0,0,0,57,18,0,0,0,0,0,0,1,1,1,0,1,1,1,1973,0,0,2022,1,12,0,0,1,0.5,1,0,0,-6,0,0,NA,10.1666666666667,0.76,5.24,3.06666666666667,0.146243386243386,2.58285714285714,7.1,2.65714285714286,0.613756613756614,0.377285533735547,0.361898573392264,0.895359508478699,0.0856891132956281,0.123420404250096,8.41195394407634e-05,5.5,0.22,0.603174603174603,-10.8692307692308,-13.3153846153846,-0.342694342694343
"29","P.J. Fleck","https://en.wikipedia.org/wiki/P._J._Fleck",2017,"Minnesota","Big Ten","Western Michigan","MidMajor","HC","O",30,22,0,66,44,1,0,1,1,1,0,1,0,0,0,1,0,0,1980,30,22,2025,1,4,1,0,0,0.576923047337289,0,0,0,-13,0,52,0.576923076923077,8.16666666666667,0.6,5.78888888888889,4.62,0.1,3.71555555555556,3.54666666666667,2.07333333333333,0.5,0.56838885843203,0.520607288960553,0.612239316579139,0.173781449499001,0.177064240689524,0.00098261614430617,6.2,2.7,0.569230769230769,4.73269230769231,5.41923076923077,0.0797163730124624
"30","Lincoln Riley","https://en.wikipedia.org/wiki/Lincoln_Riley",2017,"Oklahoma","SEC","Oklahoma","SEC","OC","O",0,0,1,55,10,0,0,0,0,0,0,1,0,1,0,0,0,0,1983,0,0,2021,1,7,0,1,0,0.5,1,0,1,-16,1,0,NA,21.58,0.846153846153846,18.78,-3.94307692307693,0.0511538461538461,-0.935384615384613,25.5230769230769,19.7153846153846,0.795,-0.485108439614151,-0.131061974843216,0.313183958096252,-0.00312150945823486,-0.00138344049999894,4.55004833588291e-07,23.22,18.04,0.784615384615385,NA,NA,NA
"31","Matt Luke","https://en.wikipedia.org/wiki/Matt_Luke_(American_football)",2017,"Ole Miss","SEC","Ole Miss","SEC","OC","O",0,0,1,15,21,0,1,0,0,0,0,1,0,1,0,0,0,0,1976,0,0,2019,1,9,0,1,0,0.5,1,0,1,-9,1,0,NA,8.1,0.416666666666667,3.86666666666667,0.0615384615384613,-0.0887096774193548,-2.14102564102564,8.03846153846154,6.00769230769231,0.505376344086022,0.00757094716526178,-0.299991088251331,-0.543115522771817,0.00184524639346817,-0.0940269661550703,-0.00438374766774441,17.34,13.88,0.609375,NA,NA,NA
"32","Willie Taggart","https://en.wikipedia.org/wiki/Willie_Taggart",2017,"Oregon","Big Ten","South Florida","MidMajor","HC","O",24,25,0,7,5,1,0,0,0,0,0,1,0,0,0,0,0,0,1976,40,45,2017,0,13,1,0,0,0.489795922532276,0,0,0,-9,0,85,0.470588235294118,9.1,0.583333333333333,4.6,-9.12307692307692,-0.133161512027491,-11.8076923076923,18.2230769230769,16.4076923076923,0.716494845360825,-1.12239291725006,-1.65444186993698,-0.815267131183561,-0.118969565977495,-0.248862118929195,-0.000171786621304126,20.52,19.48,0.742424242424242,-0.333930481283422,1.97831550802139,0.0284313725490196
"33","Jeff Brohm","https://en.wikipedia.org/wiki/Jeff_Brohm",2017,"Purdue","Big Ten","Western Kentucky","MidMajor","HC","O",30,10,0,36,34,1,0,0,0,0,0,1,1,1,0,1,0,0,1971,30,10,2022,1,7,1,0,0,0.749999875000062,0,0,0,-4,0,40,0.75,5.91666666666667,0.514285714285714,5.08333333333333,4.49666666666667,0.10568356374808,6.88333333333333,1.42,-1.8,0.408602150537634,0.553215418488318,0.96446236695892,0.647036328427723,0.197325036014863,0.361406220361885,0.00536116792253527,-7.61428571428571,-9.34285714285714,0.19672131147541,25.6,20.1285714285714,0.357142857142857
"34","Sonny Dykes","https://en.wikipedia.org/wiki/Sonny_Dykes",2017,"SMU","ACC","TCU","Big 12","OA","O",0,0,0,30,18,1,0,0,0,0,0,0,0,0,0,1,0,0,1969,41,45,2021,1,12,0,0,0,0.5,1,0,0,-2,0,86,0.476744186046512,4.275,0.625,1.46666666666667,17.7519230769231,0.272398843930636,13.1666666666667,-13.4769230769231,-11.7,0.352601156069364,2.18398166507912,1.84485537505459,1.6677328204504,0.651881567815505,0.530840440555649,0.0153692925380814,-14.46,-10.5,0.372549019607843,-2.32000596302922,0.616726296958855,-0.0280762744173123
"35","Tom Herman","https://en.wikipedia.org/wiki/Tom_Herman",2017,"Texas","SEC","Houston","Big 12","HC","O",22,4,1,32,18,1,1,0,0,0,0,1,0,0,0,1,1,1,1975,22,4,2020,1,12,1,0,0,0.846153579881862,1,0,0,-8,0,26,0.846153846153846,10.9,0.64,13.125,-9.29230769230769,-0.0683333333333334,-1.02115384615385,20.1923076923077,14.1461538461538,0.708333333333333,-1.14321302195453,-0.143079581911488,-0.418363532995745,-0.0834677418499817,-0.00922212285865709,-3.73499395234234e-05,10.48,6.8,0.523809523809524,9.55714285714286,13.2642857142857,0.319272125723739
"36","Kevin Sumlin","https://en.wikipedia.org/wiki/Kevin_Sumlin",2018,"Arizona","Pac","Texas A&M","SEC","HC","O",35,17,1,51,26,1,1,0,0,0,0,1,0,1,0,0,0,0,1964,86,43,2020,0,14,1,0,0,0.673076856508901,1,0,0,4,0,129,0.666666666666667,-2.63333333333333,0.662337662337662,-4.1,-7.08333333333333,0.173448773448773,-9.10714285714286,4.45,5.00714285714286,0.488888888888889,-0.871447564334823,-1.27605276846,1.06192158517767,-0.334994407627672,-0.475705505774037,0.00135542226041752,5.22,4.64,0.538461538461538,8.36602067183463,8.78333333333333,0.172225104957781
"37","Herm Edwards","https://en.wikipedia.org/wiki/Herm_Edwards",2018,"Arizona State","Pac","None","None","HC","D",0,0,0,18,20,1,1,0,1,0,1,1,1,1,0,0,0,0,1954,54,74,2022,0,13,1,0,0,0.5,0,0,0,14,0,128,0.421875,6.08,0.473684210526316,3.7,-4.17384615384615,-0.0818713450292398,-4.9,10.2538461538462,8.6,0.555555555555556,-0.513499491483882,-0.686566430716519,-0.501248563281167,-0.12366444270946,-0.187977160278277,-0.0015300366779365,7.84,8.62,0.584615384615385,NA,NA,NA
"38","Dan Mullen","https://en.wikipedia.org/wiki/Dan_Mullen",2018,"Florida","SEC","Mississippi State","SEC","HC","O",69,46,1,34,15,1,1,0,0,0,0,1,0,0,0,0,1,1,1972,69,46,2021,1,13,1,0,0,0.599999982608699,1,0,1,-4,0,115,0.6,19.45,0.693877551020408,15.625,1.1,0.00993972718621128,2.5375,18.35,13.0875,0.683937823834197,0.135330680579055,0.355543330192483,0.0608549177946908,0.00362842674005737,0.0190573040053634,3.33720245437874e-06,13.2857142857143,6.82857142857143,0.548387096774194,11.8076923076923,11.1965811965812,0.156818181818182
"39","Willie Taggart","https://en.wikipedia.org/wiki/Willie_Taggart",2018,"Florida State","ACC","Oregon","Big Ten","HC","O",7,5,0,9,12,1,1,0,0,0,0,1,0,0,0,0,0,0,1976,47,50,2019,1,14,1,0,0,0.583333194444676,1,0,0,-8,0,97,0.484536082474227,1.6,0.428571428571429,-1.3,-19.1,-0.288600288600289,-14.95,20.7,13.65,0.717171717171717,-2.34983272641813,-2.09472819167591,-1.76692443457183,-0.416536867094307,-0.54436654889686,-0.00434103833610078,26.6333333333333,16.5,0.805970149253731,-0.95829607550919,0.998981619473422,0.0137644827521454
"40","Joe Moorhead","https://en.wikipedia.org/wiki/Joe_Moorhead",2018,"Mississippi State","SEC","Penn State","Big Ten","OC","O",0,0,0,14,12,1,1,0,0,1,0,1,0,0,0,1,0,1,1973,38,13,2019,0,13,0,1,0,0.5,1,0,0,-5,0,51,0.745098039215686,13.35,0.538461538461538,12.4,8.46428571428572,0.0411353352529823,7.72142857142857,4.88571428571429,4.67857142857143,0.497326203208556,1.04134322393623,1.08189258251393,0.251846695425397,0.223642389585917,0.214904453803469,0.00067488641387603,14.2333333333333,12.7166666666667,0.630769230769231,NA,NA,NA
"41","Scott Frost","https://en.wikipedia.org/wiki/Scott_Frost",2018,"Nebraska","Big Ten","UCF","Big12","HC","O",19,7,1,16,31,1,1,0,1,0,0,1,1,1,0,1,0,0,1975,19,7,2022,1,6,1,0,0,0.730769053254574,1,0,0,-7,0,26,0.730769230769231,4.96,0.340425531914894,2.34,-8.26142857142857,-0.291698820416713,-6.00285714285714,13.2214285714286,8.34285714285714,0.632124352331606,-1.01638613738789,-0.841093918912774,-1.78589486458869,-0.21894802694981,-0.250295806209352,-0.018515735617802,9.72,6.12,0.587301587301587,11.1,14.6714285714286,0.203595317725752
"42","Mario Cristobal","https://en.wikipedia.org/wiki/Mario_Cristobal",2018,"Oregon","Big Ten","Oregon","Big Ten","OC","O",0,0,1,35,13,1,0,0,0,1,0,1,1,1,0,1,0,0,1970,27,47,2021,1,11,0,1,0,0.5,1,0,1,-2,1,74,0.364864864864865,13.65,0.729166666666667,12.0333333333333,-4.86538461538461,0.0126718213058419,-4.27435897435897,18.5153846153846,16.3076923076923,0.716494845360825,-0.598578010253512,-0.598904364209543,0.0775818721610161,-0.0351777956695507,-0.0347348172145211,1.73756322974228e-06,16.9,14.58,0.666666666666667,8,11.8,0.122440622440622
"43","Jeremy Pruitt","https://en.wikipedia.org/wiki/Jeremy_Pruitt",2018,"Tennessee","SEC","Alabama","SEC","DC","D",0,0,0,5,19,0,1,0,0,1,0,1,0,1,0,0,1,1,1974,0,0,2020,1,5,0,0,1,0.5,1,0,1,-6,0,0,NA,5.73333333333333,0.208333333333333,1.36666666666667,-6.98666666666667,-0.352513227513227,-5.24666666666667,12.72,6.61333333333333,0.560846560846561,-0.859554868162724,-0.735139838059729,-2.15822457497805,-0.181491696316549,-0.247011304655893,-0.100768737923927,9.25,4.46666666666667,0.53968253968254,NA,NA,NA
"44","Jimbo Fisher","https://en.wikipedia.org/wiki/Jimbo_Fisher",2018,"Texas A&M","SEC","Florida State","ACC","HC","O",83,23,0,45,25,1,1,0,0,0,0,1,0,0,1,1,1,1,1965,83,23,2023,1,21,1,0,0,0.783018814524752,1,0,0,3,0,106,0.783018867924528,16.4333333333333,0.642857142857143,11.8833333333333,3.56666666666667,0.0691729323308271,3.13,12.8666666666667,8.75333333333333,0.573684210526316,0.438799479453299,0.43856182206994,0.423503888160006,0.0351147583641486,0.0620569717177166,0.000180650324544507,14.25,10.1166666666667,0.615384615384615,3.67980769230769,-1.83076923076923,0.0461767626613705
"45","Josh Heupel","https://en.wikipedia.org/wiki/Josh_Heupel",2018,"UCF","Big 12","Missouri","SEC","OC","O",0,0,0,28,8,0,0,0,0,0,0,1,0,1,0,0,0,0,1978,0,0,2020,1,7,0,1,0,0.5,1,0,0,-10,0,0,NA,16.4,0.777777777777778,14.1,21.15,0.226975638740345,18.6428571428571,-4.75,-4.54285714285714,0.550802139037433,2.60203990386092,2.61215507896518,1.38963409942502,0.698705019597503,0.713684548708554,0.000371855410917443,2.88,1.52,0.666666666666667,NA,NA,NA
"46","Chip Kelly","https://en.wikipedia.org/wiki/Chip_Kelly",2018,"UCLA","Big Ten","None","None","None","O",0,0,0,35,34,1,1,0,1,0,0,1,0,0,0,1,0,0,1963,46,7,2023,1,19,0,0,0,0.5,0,0,0,5,0,53,0.867924528301887,4.78333333333333,0.507246376811594,3.96,-4.00333333333333,-0.0348588863463005,-2.09333333333333,8.78666666666667,6.05333333333333,0.542105263157895,-0.492521658713469,-0.293308652033996,-0.213419807533689,-0.138256503131217,-0.0913233273770149,-0.000497857828697268,12.5333333333333,8.43333333333333,0.59375,12.5653846153846,13.9576923076923,0.18857670221493
"47","Mel Tucker","https://en.wikipedia.org/wiki/Mel_Tucker",2019,"Colorado","Big12","Georgia","SEC","DC","D",0,0,0,5,7,0,0,0,1,0,0,1,0,1,0,0,0,1,1972,0,0,2019,0,12,0,0,1,0.5,1,0,0,-3,0,0,NA,-4.1,0.416666666666667,-2.2,-3.94285714285714,0.0450819672131147,-0.192857142857143,-0.157142857142857,-2.00714285714286,0.371584699453552,-0.485081400517132,-0.0270222939203295,0.276009527966005,-0.185302631184796,-0.0103218101140036,0.00608257594408701,-0.35,-0.166666666666666,0.412698412698413,NA,NA,NA
"48","Geoff Collins","https://en.wikipedia.org/wiki/Geoff_Collins_(American_football)",2019,"Georgia Tech","ACC","Temple","MidMajor","HC","D",15,10,1,10,28,1,1,0,0,1,0,1,0,0,0,0,0,1,1971,15,10,2022,1,9,1,0,0,0.599999920000064,0,0,0,-2,0,25,0.6,-7.875,0.263157894736842,-6.8,-16.2535714285714,-0.319316332067282,-13.6142857142857,8.37857142857143,6.81428571428571,0.582474226804124,-1.9996426211535,-1.90757378563511,-1.9549801291743,-0.682370862405349,-0.65980823274952,-0.0533917105774666,7.44,8.5,0.555555555555556,9.97692307692308,7.80384615384615,0.187912087912088
"49","Dana Holgorsen","https://en.wikipedia.org/wiki/Dana_Holgorsen",2019,"Houston","Big12","West Virginia","Big12","HC","O",61,41,1,31,28,1,0,0,0,0,0,1,0,0,0,1,0,0,1971,0,0,2023,1,6,1,0,0,0.598039196462903,1,0,1,-2,0,0,NA,1.32,0.525423728813559,1.775,-2.28666666666667,-0.102848522495341,0.448333333333333,3.60666666666667,1.32666666666667,0.628272251308901,-0.281323778415853,0.0628184931505931,-0.629679091237219,-0.106874386993437,0.0244723904341843,-0.000588128947178967,6.74285714285714,3.15714285714286,0.692307692307692,-2.89038461538462,0.0394230769230752,-0.0595694799658994
"50","Les Miles","https://en.wikipedia.org/wiki/Les_Miles",2019,"Kansas","Big12","LSU","SEC","HC","O",114,34,0,3,18,1,1,0,1,0,0,1,0,1,1,1,0,0,1953,105,55,2020,1,19,1,0,0,0.770270233747266,1,0,0,16,0,160,0.65625,-13.05,0.142857142857143,-9.85,-8.77307692307692,-0.198183319570603,-5.04230769230769,-4.27692307692308,-4.80769230769231,0.341040462427746,-1.07933315524764,-0.706505958139213,-1.21335620131291,-0.245190917523973,-0.166500453656568,-0.17248863578869,-14.36,-12.12,0.153846153846154,13.2732253026162,10.2584166341273,0.178965701040632
"51","Chris Klieman","https://en.wikipedia.org/wiki/Chris_Klieman",2019,"Kansas State","Big12","NDSU","FCS","HC","D",69,6,0,54,34,1,0,0,0,0,0,1,0,0,1,1,0,0,1967,72,13,2025,1,14,1,0,0,0.91999988800003,0,0,0,2,0,85,0.847058823529412,11.5571428571429,0.613636363636364,10.5857142857143,2.0032967032967,0.0521390374331551,4.59340659340659,9.55384615384615,5.99230769230769,0.561497326203209,0.246461369326291,0.643607912176508,0.31921568645169,0.0423846843355968,0.131554430633779,0.000207322965487311,7.5,8.3,0.578125,NA,NA,NA
"52","Scott Satterfield","https://en.wikipedia.org/wiki/Scott_Satterfield",2019,"Louisville","ACC","Appalachian State","MidMajor","HC","O",51,24,0,25,24,1,0,0,0,0,0,1,0,0,0,1,0,0,1972,51,24,2022,1,9,1,0,0,0.679999952000013,0,0,0,-3,0,75,0.68,5.875,0.510204081632653,6.26666666666667,-5.83928571428571,-0.124716553287982,0.202380952380953,11.7142857142857,6.06428571428571,0.634920634920635,-0.718395008918034,0.0283567281880001,-0.763563773511398,-0.160138433679024,0.00778947527465701,-0.00084235676750799,9.01666666666667,3.28333333333333,0.5625,0,0,0
"53","Mike Locksley","https://en.wikipedia.org/wiki/Mike_Locksley",2019,"Maryland","Big Ten","Alabama","SEC","OC","O",0,0,1,37,49,1,0,1,0,1,0,1,0,0,0,0,1,1,1969,2,26,2025,1,15,0,1,0,0.5,1,0,0,0,0,28,0.0714285714285714,2.67142857142857,0.430232558139535,0.142857142857143,0.125274725274725,-0.0222814083409121,-0.249450549450549,2.54615384615385,0.392307692307692,0.452513966480447,0.0154122853007115,-0.0349519129339874,-0.136415542150607,0.00583988886021269,-0.0139332907665999,-0.00141983096840326,0.4,-0.14,0.428571428571429,-23.4717948717949,-20.5461538461538,-0.420284135753749
"54","Manny Diaz","https://en.wikipedia.org/wiki/Manny_Diaz_(American_football)",2019,"Miami","ACC","Miami","ACC","DC","D",0,0,1,21,15,0,1,0,0,0,0,0,0,0,0,0,0,0,1974,0,0,2021,1,13,0,0,1,0.5,1,0,1,-5,1,0,NA,11.0666666666667,0.583333333333333,2,-5.27948717948718,-0.023224043715847,-7.07692307692308,16.3461538461538,9.07692307692308,0.60655737704918,-0.649524175553086,-0.99158730966907,-0.142186726527942,-0.064515504522719,-0.287931260903519,-7.53689564344517e-05,14.72,10.74,0.610169491525424,NA,NA,NA
"55","Mack Brown","https://en.wikipedia.org/wiki/Mack_Brown",2019,"North Carolina","ACC","Texas","Big12","HC","O",158,48,1,44,33,1,1,0,0,0,0,1,0,1,0,0,0,0,1951,244,122,2024,1,34,1,0,0,0.766990265340751,1,0,0,18,0,366,0.666666666666667,9.15,0.571428571428571,5.22,2.26538461538462,0.0687547746371275,1.82,6.88461538461539,3.4,0.502673796791444,0.2787054925212,0.25501038855185,0.420943762353877,0.0683524808113541,0.0846308105866072,0.000809558486475792,7.54,3.66,0.476190476190476,5.23189745647611,4.27793348973124,0.0915631876046742
"56","Ryan Day","https://en.wikipedia.org/wiki/Ryan_Day_(American_football)",2019,"Ohio State","Big Ten","Ohio State","Big Ten","OC","O",0,0,1,82,12,0,0,1,1,0,0,1,0,0,0,0,0,0,1979,0,0,2025,1,5,0,1,0,0.5,1,0,1,-10,1,0,NA,30.1,0.872340425531915,24.6428571428571,4.64285714285715,0.0297008316232855,5.57857142857143,25.4571428571429,19.0642857142857,0.842639593908629,0.571200924521985,0.781644872288049,0.181840168548724,0.000761807077939713,0.0035016371719917,7.7889625971217e-08,26.1333333333333,21.8166666666667,0.898550724637681,NA,NA,NA
"57","Matt Wells","https://en.wikipedia.org/wiki/Matt_Wells_(American_football_coach)",2019,"Texas Tech","Big 12","Utah State","MidMajor","HC","O",44,34,0,13,17,1,1,0,0,1,0,1,0,0,0,0,0,1,1973,44,34,2021,1,7,1,0,0,0.564102547666013,0,0,0,-4,0,78,0.564102564102564,2.76666666666667,0.433333333333333,-0.266666666666667,-10.7717948717949,-0.144206773618538,-7.51282051282051,13.5384615384615,7.24615384615385,0.577540106951872,-1.3252312100527,-1.05266333961246,-0.882890565262965,-0.318890535099615,-0.359921057797225,-0.0037853828312,5.32,3.4,0.435483870967742,18.3589743589744,14.2487179487179,0.215531135531136
"58","Neal Brown","https://en.wikipedia.org/wiki/Neal_Brown",2019,"West Virginia","Big 12","Troy","MidMajor","HC","O",35,16,0,37,35,1,1,0,0,0,0,1,0,1,0,1,0,0,1980,35,16,2024,1,11,1,0,0,0.686274436755123,0,0,0,-11,0,51,0.686274509803922,2.55,0.513888888888889,2.81666666666667,-9.89615384615385,-0.159795321637427,-7.63717948717949,12.4461538461538,10.4538461538462,0.673684210526316,-1.21750294101366,-1.07008797168454,-0.97832978511842,-0.314009415415133,-0.275052315391168,-0.000808377706270846,10.28,11.46,0.625,6.875,6.29166666666667,0.180392156862745
"59","Sam Pittman","https://en.wikipedia.org/wiki/Sam_Pittman",2020,"Arkansas","SEC","Georgia","SEC","OL","O",0,0,1,32,34,1,1,0,0,0,0,1,0,0,0,0,0,0,1961,0,0,2025,1,9,0,0,0,0.5,1,0,1,9,0,0,NA,7.83333333333333,0.484848484848485,5.11666666666667,-2.16666666666667,-0.0124777183600713,-0.761904761904763,10,5.87857142857143,0.497326203208556,-0.266560431443593,-0.106754741413647,-0.0763934976123701,-0.0582972038797874,-0.0316494155650632,-0.000332538815441374,2.08333333333333,-1.3,0.370967741935484,NA,NA,NA
"60","Dave Aranda","https://en.wikipedia.org/wiki/Dave_Aranda",2020,"Baylor","Big12","LSU","SEC","DC","D",0,0,0,36,37,0,0,1,0,0,0,0,0,0,0,0,1,1,1976,0,0,2025,1,14,0,0,1,0.5,1,0,0,-6,0,0,NA,5.01666666666667,0.493150684931507,4.63333333333333,-2.22179487179487,-0.0518228600420382,-0.974358974358975,7.23846153846154,5.60769230769231,0.544973544973545,-0.27334273827914,-0.136522890461684,-0.317279924153138,-0.081964761452051,-0.0420895624826815,-0.000842817292857956,9.84,6.96,0.553846153846154,NA,NA,NA
"61","Jeff Hafley","https://en.wikipedia.org/wiki/Jeff_Hafley",2020,"Boston College","ACC","Ohio State","Big Ten","DC","D",0,0,0,22,26,0,0,0,1,0,0,1,0,0,0,0,0,1,1979,0,0,2023,1,1,0,0,1,0.5,1,0,0,-9,0,0,NA,-4.75,0.458333333333333,-4.7,-10.6807692307692,-0.0837719298245614,-8.34615384615384,5.93076923076923,3.64615384615385,0.542105263157895,-1.31403251737075,-1.16942633803363,-0.512884690643051,-0.487716430311238,-0.440188978585477,-0.00205554877594649,0.88,2.22,0.483870967741935,NA,NA,NA
"62","Karl Dorrell","https://en.wikipedia.org/wiki/Karl_Dorrell",2020,"Colorado","Big12","Dolphins","NFL","AHC","O",0,0,1,8,15,1,1,0,1,0,0,1,0,1,0,0,0,0,1963,35,27,2022,1,14,0,0,0,0.5,0,1,0,7,0,62,0.564516129032258,-10.2666666666667,0.347826086956522,-10.25,-9.25952380952381,-0.00931677018633542,-7.80714285714286,-1.00714285714286,-2.44285714285714,0.357142857142857,-1.13917968998256,-1.09390249092297,-0.057040930116069,-0.347415514894124,-0.29059432349758,-0.00221829636085769,-0.2,0.15,0.46031746031746,-6.29384615384615,-3.00461538461539,-0.0250792466902853
"63","Mike Norvell","https://en.wikipedia.org/wiki/Mike_Norvell",2020,"Florida State","ACC","Memphis","MidMajor","HC","O",38,15,0,38,34,1,0,1,0,0,0,1,0,0,0,1,0,0,1981,38,15,2025,0,9,1,0,0,0.71698105019583,0,0,0,-11,0,53,0.716981132075472,6.55,0.527777777777778,7.88,-10.29,-0.148989898989899,-2.64,16.84,10.52,0.676767676767677,-1.26595700287134,-0.369905178998288,-0.912174739347707,-0.191027134236609,-0.0645338846931131,-0.000599115388576821,13.9714285714286,7.3,0.59375,17.3980769230769,15.5865384615385,0.277474195506982
"64","Mel Tucker","https://en.wikipedia.org/wiki/Mel_Tucker",2020,"Michigan State","Big Ten","Colorado","Big12","HC","D",5,7,0,20,14,1,1,0,1,0,1,1,0,1,0,0,0,1,1972,5,7,2023,1,13,1,0,0,0.416666805555324,1,0,0,-2,0,12,0.416666666666667,0.8,0.588235294117647,1.125,-11.4923076923077,-0.0457853244390539,-7.26730769230769,12.2923076923077,8.39230769230769,0.634020618556701,-1.41387438311264,-1.01826316392375,-0.280315757439205,-0.39556927811269,-0.317555386492206,-0.000106389984739996,11.1,7.84,0.6,-3.94285714285714,-0.192857142857143,0.0450819672131147
"65","Mike Leach","https://en.wikipedia.org/wiki/Mike_Leach_(American_football_coach)",2020,"Mississippi State","SEC","Washington State","MidMajor","HC","O",55,47,0,19,16,1,0,0,0,0,0,0,0,0,0,0,0,0,1961,139,90,2022,1,29,1,0,0,0.539215678585161,0,0,0,9,0,229,0.606986899563319,8.16666666666667,0.542857142857143,7.86666666666667,0.409523809523809,0.00601503759398492,0.25952380952381,7.75714285714286,7.60714285714286,0.536842105263158,0.0503828507783494,0.0363633337940237,0.0368264250573916,0.0124405624075782,0.00806100229291429,6.23967555773985e-05,13.2,12,0.584615384615385,8.74586832381592,6.21622438696675,0.114169130596915
"66","Eli Drinkwitz","https://en.wikipedia.org/wiki/Eliah_Drinkwitz",2020,"Missouri","SEC","Appalachian State","MidMajor","HC","O",12,1,0,46,29,1,0,1,0,0,0,0,0,0,0,1,0,1,1983,12,1,2025,1,6,1,0,0,0.92307627219035,0,0,0,-13,0,13,0.923076923076923,9.65,0.613333333333333,6.05,-3.67307692307692,-0.0103780068728523,-3.90384615384615,13.3230769230769,9.95384615384615,0.623711340206186,-0.451890908926564,-0.546989738757667,-0.0635382383528869,-0.0669754240981726,-0.116747903538136,-1.95433328477046e-05,8.42,5.1,0.483870967741935,5.23333333333333,7.8,0.173076923076923
"67","Lane Kiffin","https://en.wikipedia.org/wiki/Lane_Kiffin",2020,"Ole Miss","SEC","FAU","MidMajor","HC","O",26,13,0,55,19,1,0,0,1,1,0,1,0,0,0,1,1,1,1975,63,34,2025,1,15,1,0,0,0.666666581196625,0,0,0,-5,0,97,0.649484536082474,17.6833333333333,0.743243243243243,12.8666666666667,9.18333333333333,0.267567567567567,6.94358974358974,8.5,5.92307692307692,0.475675675675676,1.12980613634938,0.972905229921682,1.6381538470631,0.133046502957444,0.167585100622909,0.00179136469212038,12.74,7.16,0.491803278688525,5.44459802350427,5.61717414529915,0.0634426384559787
"68","Greg Schiano","https://en.wikipedia.org/wiki/Greg_Schiano",2020,"Rutgers","Big Ten","Ohio State","Big Ten","DC","D",0,0,1,31,41,1,0,1,1,1,0,1,0,0,0,0,0,1,1966,79,88,2025,1,18,0,0,1,0.5,1,0,1,4,0,167,0.473053892215569,-1.95,0.430555555555556,0.166666666666667,1.89285714285714,-0.058806146572104,3.03809523809524,-3.84285714285714,-2.87142857142857,0.48936170212766,0.232874223074348,0.425684531386919,-0.360034349879576,0.0870166218509186,0.165595613921161,-0.00282666910775309,-12,-11.85,0.216666666666667,7.2034188034188,6.31794871794872,0.152188552188552
"69","Jimmy Lake","https://en.wikipedia.org/wiki/Jimmy_Lake",2020,"Washington","Big Ten","Washington","Big Ten","DC","D",0,0,1,7,6,0,1,0,1,0,1,1,0,0,0,0,0,0,1976,0,0,2021,1,4,0,0,1,0.5,1,0,1,-6,1,0,NA,5.5,0.538461538461538,2.3,-4.44285714285714,0.0151454762853727,-7.15,9.94285714285714,9.45,0.523316062176166,-0.546595346234884,-1.0018265264537,0.0927265605022212,-0.138695064793068,-0.280889461944877,0.000188601618593132,19.34,17.78,0.701492537313433,NA,NA,NA
"70","Jedd Fisch","https://en.wikipedia.org/wiki/Jedd_Fisch",2021,"Arizona","Pac","UCLA","Big Ten","OC","O",1,1,0,16,21,0,0,0,1,0,0,0,0,0,0,0,0,0,1976,0,0,2023,1,7,0,1,0,0.5,1,0,0,-5,0,0,NA,-0.566666666666667,0.432432432432432,0.700000000000001,-4.69523809523809,-0.0620730620730621,-4.04615384615385,4.12857142857143,4.74615384615385,0.494505494505495,-0.577645242644797,-0.56692926618036,-0.38003569101586,-0.22203865445219,-0.207912030172833,-0.00282151592786872,-1.74,-2.425,0.351851851851852,NA,NA,NA
"71","Bryan Harsin","https://en.wikipedia.org/wiki/Bryan_Harsin",2021,"Auburn","SEC","Boise State","MidMajor","HC","O",69,19,0,9,12,1,1,0,0,0,0,1,0,0,0,1,0,1,1976,76,24,2022,0,15,1,0,0,0.784090844524808,0,0,0,-5,0,100,0.76,8.05,0.428571428571429,5.1,-9.45714285714286,-0.220913107511046,-8.17142857142857,17.5071428571429,13.2714285714286,0.649484536082474,-1.16349234471863,-1.14494460166137,-1.35251689965937,-0.14537023908082,-0.205955620281625,-0.00431170162100902,18.3,15.55,0.640625,-3.13028571428572,-1.61375824175824,-0.0428934039704256
"72","Bret Bielema","https://en.wikipedia.org/wiki/Bret_Bielema",2021,"Illinois","Big Ten","NYGiants","NFL","LB","D",0,0,0,37,26,1,0,1,1,0,0,1,0,1,0,1,0,1,1970,97,58,2025,1,16,0,0,0,0.5,0,1,0,1,0,155,0.625806451612903,8.04,0.587301587301587,5.92,9.27571428571428,0.220634920634921,9.87714285714286,-1.23571428571429,-3.95714285714286,0.366666666666667,1.14117157012961,1.38394177900117,1.35081373023016,0.399121021409418,0.506951889884883,0.0122262333731289,-5.36666666666667,-7.86666666666667,0.298245614035088,0.506844381425026,0.120143211627082,0.00468262226847028
"73","Lance Leipold","https://en.wikipedia.org/wiki/Lance_Leipold",2021,"Kansas","Big12","Buffalo","MidMajor","HC","O",37,33,0,27,35,1,0,1,0,0,0,1,0,0,1,1,0,0,1964,146,39,2025,1,18,1,0,0,0.528571420408166,0,0,0,7,0,185,0.789189189189189,0.42,0.435483870967742,3.54,8.11230769230769,0.137238256932654,10.5707692307692,-7.69230769230769,-7.03076923076923,0.298245614035088,0.998040110060638,1.48112965320352,0.840226566329605,0.34862450247302,0.52777358790456,0.0300912076985905,-13.36,-10.8,0.157894736842105,13.0928571428571,9.25571428571429,0.236436597110754
"74","Marcus Freeman","https://en.wikipedia.org/wiki/Marcus_Freeman",2021,"Notre Dame","Indep","Notre Dame","Indep","DC","D",0,0,1,43,12,0,0,1,0,0,0,1,1,1,0,0,0,0,1986,0,0,2025,1,6,0,0,1,0.5,1,0,1,-15,1,0,NA,19.22,0.781818181818182,18.16,3.67384615384615,0.111661113755355,6.485,15.5461538461538,11.675,0.670157068062827,0.45198554576613,0.908649653713598,0.683633239740438,0.0188740929107751,0.0454638061833698,1.95462845433703e-05,19.18,16.225,0.746031746031746,NA,NA,NA
"75","Shane Beamer","https://en.wikipedia.org/wiki/Shane_Beamer",2021,"South Carolina","SEC","Oklahoma","SEC","AHC","O",0,0,1,33,30,0,0,1,0,1,0,1,0,1,0,0,0,0,1977,0,0,2025,1,8,0,0,0,0.5,1,0,1,-6,0,0,NA,8.74,0.523809523809524,5.72,-1.82,-0.0446115288220551,-1.24,10.56,6.96,0.568421052631579,-0.223910762412618,-0.173743341650711,-0.273129319175656,-0.0441863061897397,-0.0467029429941321,-0.000420093955137424,3.11666666666667,0.916666666666666,0.459016393442623,NA,NA,NA
"76","Josh Heupel","https://en.wikipedia.org/wiki/Josh_Heupel",2021,"Tennessee","SEC","UCF","MidMajor","HC","O",28,8,0,45,20,1,0,1,0,0,0,1,0,1,0,1,0,0,1978,28,8,2025,0,10,1,0,0,0.777777623456876,0,0,0,-7,0,36,0.777777777777778,19.18,0.692307692307692,12.6,8.26666666666667,0.173591114767585,7.56666666666667,10.9133333333333,5.03333333333333,0.518716577540107,1.01703056920017,1.06020802566428,1.06279305469517,0.0805480981337685,0.201584264157622,0.000735906663416941,5.98333333333333,-0.0166666666666665,0.483333333333333,21.15,18.6428571428571,0.226975638740345
"77","Steve Sarkisian","https://en.wikipedia.org/wiki/Steve_Sarkisian",2021,"Texas","SEC","Alabama","SEC","OC","O",0,0,0,48,20,1,0,1,1,0,0,1,0,1,0,0,1,1,1974,46,35,2025,0,13,0,1,0,0.5,1,0,1,-3,0,81,0.567901234567901,19.02,0.705882352941177,15,3.69692307692308,0.0619032953495535,3.49230769230769,15.3230769230769,11.5076923076923,0.643979057591623,0.454824650953103,0.489326781075824,0.378996312388072,0.0200616099879273,0.0356483876111965,3.25439291406493e-05,10.84,11.02,0.596774193548387,-2.98372469635628,0.0780904183535771,0.0308637012398314
"78","Gus Malzahn","https://en.wikipedia.org/wiki/Gus_Malzahn",2021,"UCF","Big 12","Auburn","SEC","HC","O",68,35,0,28,24,1,0,0,0,0,0,1,0,0,0,1,1,1,1965,77,38,2024,1,15,1,0,0,0.660194143651623,1,0,0,6,0,115,0.669565217391304,5.325,0.538461538461538,4.65,1.57115384615385,-0.103249691484986,2.48333333333333,3.75384615384615,2.16666666666667,0.641711229946524,0.193295744813091,0.347953735295107,-0.632135205517746,0.0659083004292813,0.123372720160178,-0.000446502369474522,12.22,11.925,0.758064516129032,6.77461538461538,9.03848662207358,0.0470581602780161
"79","Clark Lea","https://en.wikipedia.org/wiki/Clark_Lea",2021,"Vanderbilt","SEC","Notre Dame","Indep","DC","D",0,0,1,26,36,0,0,1,0,1,0,1,0,1,0,0,0,0,1981,0,0,2025,1,3,0,0,1,0.5,1,0,0,-10,0,0,NA,-2.32,0.419354838709677,-0.0399999999999998,-0.634285714285713,0.0313766966331747,1.63857142857143,-1.68571428571429,-1.67857142857143,0.387978142076503,-0.0780348339962341,0.229589415752725,0.192100473032059,-0.0301933049204491,0.0907350243001355,0.00364364479459767,-6.16666666666667,-5.66666666666667,0.338983050847458,NA,NA,NA
"80","Mike Elko","https://en.wikipedia.org/wiki/Mike_Elko",2022,"Duke","ACC","Texas A&M","SEC","DC","D",0,0,0,16,9,0,0,0,0,0,0,1,0,0,0,0,0,1,1977,0,0,2023,1,19,0,0,1,0.5,1,0,0,-5,0,0,NA,7.2,0.64,8.4,10.7076923076923,0.220645161290323,9.33333333333333,-3.50769230769231,-0.933333333333333,0.419354838709677,1.31734480675555,1.30774558231718,1.35087642754881,0.479101127995513,0.432419639267979,0.00507781936262464,-1.68,-0.775,0.409836065573771,NA,NA,NA
"81","Billy Napier","https://en.wikipedia.org/wiki/Billy_Napier",2022,"Florida","SEC","Louisiana","MidMajor","HC","O",40,12,0,22,23,1,1,0,0,1,0,1,0,0,0,1,0,0,1979,40,12,2025,1,8,1,0,0,0.769230665680513,0,0,0,-7,0,52,0.769230769230769,8.625,0.488888888888889,6.625,-9.56875,-0.188194444444444,-6.29375,18.19375,12.91875,0.677083333333333,-1.17722313617348,-0.881852545575937,-1.15220038050657,-0.131719204722102,-0.141496129786401,-0.00136351634869269,15.5714285714286,9.7,0.639344262295082,19.1288461538462,16.6423076923077,0.282891971416562
"82","Brent Key","https://en.wikipedia.org/wiki/Brent_Key",2022,"Georgia Tech","ACC","Georgia Tech","ACC","AHC","O",0,0,1,27,20,0,0,1,0,1,0,1,0,1,0,0,0,0,1978,0,0,2025,1,4,0,0,0,0.5,1,0,1,-6,1,0,NA,-0.075,0.574468085106383,2.35,-5.73214285714286,0.0534154535274357,-3.06538461538462,5.65714285714286,5.41538461538462,0.521052631578947,-0.705213449121373,-0.429508198807744,0.32703040762402,-0.260462338030891,-0.146983053789712,0.00049301607132024,-2.1,-0.575,0.362068965517241,NA,NA,NA
"83","Brian Kelly","https://en.wikipedia.org/wiki/Brian_Kelly_(American_football_coach)",2022,"LSU","SEC","Notre Dame","Indep","HC","D",92,39,0,34,14,1,1,0,0,1,0,1,0,0,1,1,0,0,1961,263,95,2025,0,37,1,0,0,0.702290045451901,1,0,0,11,0,358,0.73463687150838,15.375,0.708333333333333,13.25,-6.265,-0.0287800687285223,-2.93,21.64,16.18,0.737113402061856,-0.770769739843435,-0.410538702448857,-0.176202896094512,-0.0253950641537789,-0.0199959428460988,-4.03466203280356e-06,15.4333333333333,13.2666666666667,0.703125,4.92287224471435,6.12442645074224,0.183057650679169
"84","Mario Cristobal","https://en.wikipedia.org/wiki/Mario_Cristobal",2022,"Miami","ACC","Oregon","Big Ten","HC","O",35,13,1,35,19,1,0,1,0,1,0,1,0,1,0,1,0,0,1970,62,60,2025,1,15,1,0,0,0.729166571180595,1,0,0,2,0,122,0.508196721311475,12.3,0.648148148148148,10.475,-1.38571428571428,0.0602360602360602,3.59807692307692,13.6857142857143,6.87692307692308,0.587912087912088,-0.170481506703484,0.504146700106204,0.368788843523454,-0.0189915093009634,0.0965408481215536,0.000123252305843424,12.35,5.92,0.612903225806452,4.8991124260355,7.92566732412886,0.0997228430218121
"85","Zach Arnett","https://en.wikipedia.org/wiki/Zach_Arnett",2022,"Mississippi State","SEC","Mississippi State","SEC","DC","D",0,0,1,5,6,0,1,0,0,0,0,1,0,0,0,0,0,0,1986,0,0,2023,1,5,0,0,1,0.5,1,0,1,-14,1,0,NA,7.95,0.454545454545455,5.7,-1.43571428571429,-0.105663969538315,-3.54285714285714,9.38571428571429,9.24285714285714,0.56020942408377,-0.17663290127526,-0.49640954757346,-0.64691636497177,-0.0399137228539137,-0.114595802055203,-0.00239173247814439,11.3,10.5833333333333,0.53968253968254,NA,NA,NA
"86","Brent Venables","https://en.wikipedia.org/wiki/Brent_Venables",2022,"Oklahoma","SEC","Clemson","ACC","DC","D",0,0,1,32,20,0,0,1,0,0,0,1,0,1,0,0,1,1,1970,0,0,2025,1,23,0,0,1,0.5,1,0,0,2,0,0,NA,14.55,0.615384615384615,12.25,-9.07857142857143,-0.188635485117897,-6.62142857142857,23.6285714285714,18.8714285714286,0.804020100502513,-1.11691750010376,-0.927765424597979,-1.15490060491156,-0.0348977474639303,-0.0389485214390959,-8.19763270344387e-05,20.7833333333333,17.2333333333333,0.848484848484849,NA,NA,NA
"87","Dan Lanning","https://en.wikipedia.org/wiki/Dan_Lanning",2022,"Oregon","Big Ten","Georgia","SEC","DC","D",0,0,0,48,8,0,0,1,0,1,0,1,0,0,0,0,1,1,1986,0,0,2025,0,3,0,0,1,0.5,1,0,0,-14,0,0,NA,24.25,0.857142857142857,18.925,5.52142857142857,0.111028867505551,1.80961538461538,18.7285714285714,17.1153846153846,0.746113989637306,0.679289714854606,0.25355534195614,0.679762379621546,0.00918228385973585,0.00423492565486361,2.38498517712848e-06,12.3166666666667,10.12,0.688524590163934,NA,NA,NA
"88","Rhett Lashlee","https://en.wikipedia.org/wiki/Rhett_Lashlee",2022,"SMU","ACC","Miami","ACC","OC","O",0,0,1,38,16,0,0,1,0,0,0,1,0,1,0,0,0,1,1983,0,0,2025,1,11,0,1,0,0.5,1,0,1,-11,0,0,NA,11.425,0.703703703703704,9.375,17.0035714285714,0.240846560846561,14.8211538461538,-5.57857142857143,-5.44615384615385,0.462857142857143,2.09191353973013,2.07667483576618,1.47455733813134,0.673821882405126,0.682802304254404,0.0022917291260689,3.85,1.7,0.616666666666667,NA,NA,NA
"89","Sonny Dykes","https://en.wikipedia.org/wiki/Sonny_Dykes",2022,"TCU","Big 12","SMU","ACC","HC","O",30,18,0,36,17,1,0,1,0,0,0,0,0,0,0,1,0,0,1969,71,63,2025,1,16,1,0,0,0.624999947916688,1,0,0,3,0,134,0.529850746268657,12.825,0.679245283018868,10.75,0.0678571428571448,0.000297914597815252,0.157142857142857,12.7571428571429,10.5928571428571,0.678947368421053,0.00834832120455233,0.0220181654165647,0.00182395029765359,0.00096553358569218,0.00287224078407233,1.28299362245343e-07,5.48333333333333,5.46666666666667,0.557377049180328,1.62612984428053,2.97992038402997,0.0347644271043583
"90","Joey McGuire","https://en.wikipedia.org/wiki/Joey_McGuire",2022,"Texas Tech","Big 12","Baylor","Big 12","AHC","D",0,0,0,35,18,0,0,1,0,0,0,0,0,0,0,0,0,0,1971,0,0,2025,1,3,0,0,0,0.5,1,0,1,1,0,0,NA,11.625,0.660377358490566,10.8,1.64642857142857,0.130647628760836,6.75714285714286,9.97857142857143,4.04285714285714,0.52972972972973,0.202556635542027,0.946781112912285,0.799876149452195,0.0334606588269074,0.220429782600151,0.000564571983285522,5.26666666666667,1.6,0.433333333333333,NA,NA,NA
"91","Lincoln Riley","https://en.wikipedia.org/wiki/Lincoln_Riley",2022,"USC","Big Ten","Oklahoma","SEC","HC","O",55,10,1,35,18,1,0,1,0,0,0,1,0,1,0,1,0,0,1983,55,10,2025,0,12,1,0,0,0.846153739645003,1,0,0,-11,0,65,0.846153846153846,14.275,0.660377358490566,12,-3.71875,-0.0172182699247345,-0.713333333333333,17.99375,12.7133333333333,0.677595628415301,-0.457509971275782,-0.0999491266485273,-0.105417018113946,-0.0261015851143717,-0.00891510372963411,-9.64315749496514e-06,8.65,4.7,0.578947368421053,-3.94307692307693,-0.935384615384613,0.0511538461538461
"92","Tony Elliott","https://en.wikipedia.org/wiki/Tony_Elliott_(American_football_coach)",2022,"Virginia","ACC","Clemson","ACC","OC","O",0,0,0,22,26,0,0,1,0,0,0,1,0,1,0,0,1,1,1979,0,0,2025,1,7,0,1,0,0.5,1,0,1,-7,0,0,NA,-3.45,0.458333333333333,-0.625,-5.39615384615385,0.0259009009009009,-0.475,1.94615384615385,-0.15,0.432432432432432,-0.663877429553895,-0.0665549091000707,0.158575498663516,-0.258994174484873,-0.0265075819916558,0.00154693099549708,4.46,3.8,0.548387096774194,NA,NA,NA
"93","Brent Pry","https://en.wikipedia.org/wiki/Brent_Pry",2022,"Virginia Tech","ACC","Penn State","Big Ten","DC","D",0,0,1,16,24,0,1,0,0,0,0,1,0,0,0,0,0,1,1970,0,0,2025,1,17,0,0,1,0.5,1,0,0,2,0,0,NA,-0.95,0.4,0.375,-12.9714285714286,-0.236363636363636,-8.05576923076923,12.0214285714286,8.43076923076923,0.636363636363636,-1.59584750604911,-1.12873892396841,-1.44711111191433,-0.476947006749503,-0.360302574156711,-0.00711463885486641,7.45,3.82,0.53968253968254,NA,NA,NA
"94","Kalen DeBoer","https://en.wikipedia.org/wiki/Kalen_DeBoer",2022,"Washington","Big Ten","Fresno State","MidMajor","HC","O",12,6,0,25,3,1,0,0,0,0,0,1,0,0,1,1,0,1,1974,79,9,2023,1,22,1,0,0,0.666666481481687,0,0,0,-2,0,88,0.897727272727273,16.05,0.892857142857143,14.25,6.23,0.349846390168971,4.62142857142857,9.82,9.62857142857143,0.543010752688172,0.766463763643192,0.647534228387155,2.1418971482473,0.0893409696066227,0.06571857263696,0.000442822990785574,11.7666666666667,10.5,0.625,4.02142857142857,3.02142857142857,0.130584192439863
"95","Luke Fickell","https://en.wikipedia.org/wiki/Luke_Fickell",2022,"Wisconsin","Big Ten","Cincinnati","Big 12","HC","D",57,18,0,17,21,1,1,1,0,0,0,1,0,1,0,1,1,1,1973,57,18,2025,1,18,1,0,0,0.759999930666685,1,0,0,-1,0,75,0.76,4.075,0.447368421052632,3.925,-14.805,-0.275708502024291,-9.94833333333333,18.88,13.8733333333333,0.723076923076923,-1.82142793270264,-1.39391667515201,-1.6879958485441,-0.297970554240004,-0.26522001665216,-0.00307686481355884,21.84,15.38,0.721311475409836,-1.41977528089888,-2.14297752808989,0.0047559598121396
"96","Kenny Dillingham","https://en.wikipedia.org/wiki/Kenny_Dillingham",2023,"Arizona State","Pac","Oregon","Big Ten","OC","O",0,0,1,22,17,0,0,1,0,0,0,0,0,0,0,0,0,0,1990,0,0,2025,1,5,0,1,0,0.5,1,0,0,-17,0,0,NA,0.666666666666667,0.564102564102564,4.9,-6.81904761904762,0.0421245421245421,-0.792307692307692,7.48571428571429,5.69230769230769,0.521978021978022,-0.838933050169725,-0.111014666191211,0.257903008815388,-0.288778126775326,-0.0336211822060901,0.00042080875656425,4.38333333333333,2.18,0.509090909090909,NA,NA,NA
"97","Hugh Freeze","https://en.wikipedia.org/wiki/Hugh_Freeze",2023,"Auburn","SEC","Liberty","MidMajor","HC","O",34,15,0,15,19,1,1,1,0,0,0,0,0,0,0,1,0,0,1969,76,47,2025,1,13,1,0,0,0.693877471886746,0,0,0,4,0,123,0.617886178861789,9.56666666666667,0.441176470588235,6.63333333333333,-5.51333333333333,-0.165041145992076,-4.86,15.08,11.4933333333333,0.606217616580311,-0.678293774781081,-0.680961806792303,-1.01044678429626,-0.087824862670004,-0.122676449332136,-0.00335297068304252,13,9.45714285714286,0.548387096774194,16.9262509448224,10.7931009070295,0.169554753761541
"98","Scott Satterfield","https://en.wikipedia.org/wiki/Scott_Satterfield",2023,"Cincinnati","Big12","App State","MidMajor","HC","O",51,24,0,15,22,1,0,1,0,0,0,1,0,0,0,1,0,0,1972,76,48,2025,1,13,1,0,0,0.679999952000013,0,0,0,1,0,124,0.612903225806452,-0.8,0.405405405405405,1.2,-10.0071428571429,-0.289331436699858,-2.86923076923077,9.20714285714286,4.06923076923077,0.694736842105263,-1.23115768500815,-0.402023985333221,-1.77140081069981,-0.410538821937965,-0.148953400246188,-0.00652089869388961,13.4166666666667,8.9,0.828125,-1.635,0.0566666666666667,-0.0349206349206349
"99","Deion Sanders","https://en.wikipedia.org/wiki/Deion_Sanders",2023,"Colorado","Big12","Jackson State","SWC","HC","O",27,6,0,16,21,1,0,1,0,0,0,1,1,1,0,1,0,0,1967,27,6,2025,0,3,1,0,0,0.818181625344469,0,0,0,6,0,33,0.818181818181818,-1.7,0.432432432432432,3.76666666666667,3.26,0.0952895752895753,9.18095238095238,-4.96,-5.41428571428571,0.337142857142857,0.401070926079744,1.28639463403445,0.58340024452406,0.146307989780833,0.477131883321153,0.0154489050206066,-8.1,-7.03333333333333,0.351851851851852,NA,NA,NA
"100","Jeff Brohm","https://en.wikipedia.org/wiki/Jeff_Brohm",2023,"Louisville","ACC","Purdue","Big Ten","HC","O",36,34,1,28,12,1,0,1,0,0,0,1,1,1,0,1,0,0,1971,66,44,2025,1,14,1,0,0,0.514285710204083,1,0,0,2,0,110,0.6,11.3333333333333,0.7,12.4333333333333,3.60666666666667,0.131578947368421,8.51190476190476,7.72666666666667,3.92142857142857,0.568421052631579,0.443720595110719,1.19265062673059,0.805578048130446,0.0892937897847969,0.250602069581447,0.000241506730128793,2.04285714285714,-0.233333333333334,0.451612903225806,15.7517777777778,13.9474603174603,0.239795186891961
"101","Matt Rhule","https://en.wikipedia.org/wiki/Matt_Rhule",2023,"Nebraska","Big Ten","NFL","NFL","HC","O",11,27,0,19,19,1,0,1,1,1,0,1,0,1,0,1,0,0,1975,47,43,2025,0,17,1,0,0,0.289473795013792,0,1,0,-2,0,90,0.522222222222222,4,0.5,4.1,-6.39285714285714,-0.0561497326203209,-1.92857142857143,10.3928571428571,6.02857142857143,0.556149732620321,-0.786499734534117,-0.270222939203295,-0.343770739255666,-0.210803253938317,-0.0836835132906139,-0.000771411651361298,3.93333333333333,1.65,0.339285714285714,8.57198581560284,8.00289143480633,0.148978887702292
"102","David Braun","https://en.wikipedia.org/wiki/David_Braun_(American_football)",2023,"Northwestern","Big Ten","Northwestern","Big Ten","DC","D",0,0,1,19,19,0,0,1,0,0,0,1,0,0,0,0,1,1,1985,0,0,2025,1,10,0,0,1,0.5,1,0,1,-12,1,0,NA,-1.23333333333333,0.5,0.266666666666667,-2.24102564102564,-0.0347593582887701,-1.82564102564103,1.00769230769231,2.09230769230769,0.53475935828877,-0.275708659268284,-0.25580078423347,-0.21281045763446,-0.109633960020273,-0.100399285500768,-0.000572101662722369,-3.82,0.18,0.389830508474576,NA,NA,NA
"103","Ryan Walters","https://en.wikipedia.org/wiki/Ryan_Walters_(American_football)",2023,"Purdue","Big Ten","Illinois","Big Ten","DC","D",0,0,0,5,19,0,1,0,0,0,0,1,0,1,0,0,0,0,1986,0,0,2024,1,7,0,0,1,0.5,1,0,1,-13,0,0,NA,-11.75,0.208333333333333,-4.95,-11.7125,-0.167357274401473,-2.6125,-0.0375,-2.3375,0.375690607734807,-1.44096417843835,-0.366052000050389,-1.02462703304105,-0.424011628863418,-0.127661966577206,-0.0903458614898761,6.23333333333333,4.13333333333333,0.5,NA,NA,NA
"104","Troy Taylor","https://en.wikipedia.org/wiki/Troy_Taylor_(American_football)",2023,"Stanford","ACC","Sacramento State","MidMajor","HC","O",30,8,0,6,18,1,1,0,0,1,1,1,1,1,0,1,0,0,1968,30,8,2024,1,7,1,0,0,0.789473531856036,0,0,0,5,0,38,0.789473684210526,-10.05,0.25,-5.6,-21.5115384615385,-0.393617021276596,-17.1916666666667,11.4615384615385,11.5916666666667,0.643617021276596,-2.64651921845683,-2.40882065742888,-2.40987816100299,-0.812593956315304,-0.731500406898243,-0.0628936921633169,-1.5,-0.35,0.418181818181818,NA,NA,NA
"105","Kalen DeBoer","https://en.wikipedia.org/wiki/Kalen_DeBoer",2024,"Alabama","SEC","Washington","Big Ten","HC","O",25,3,0,20,8,1,0,1,0,0,0,1,0,0,1,1,0,1,1974,104,12,2025,0,26,1,0,0,0.892856862245098,1,0,0,0,0,116,0.896551724137931,19.9,0.714285714285714,15.4,-11.5384615384615,-0.184752747252747,-11.8384615384615,31.4384615384615,27.2384615384615,0.899038461538462,-1.41955259348659,-1.65875311910946,-1.1311289571414,-0.00712259109404834,-0.0154047921875539,-6.10512783494332e-06,28.02,24.06,0.882352941176471,4.98767857142857,3.72142857142857,0.226511403946347
"106","Brent Brennan","https://en.wikipedia.org/wiki/Brent_Brennan",2024,"Arizona","Pac","San Jose State","MidMajor","HC","O",34,48,1,13,12,1,0,1,0,1,0,1,0,1,0,1,0,0,1973,34,48,2025,1,1,1,0,0,0.414634167162398,0,0,0,1,0,82,0.414634146341463,4.6,0.52,4.15,1.77142857142857,0.041978021978022,0.919230769230769,2.82857142857143,3.23076923076923,0.478021978021978,0.217935121971465,0.128798569027667,0.257005954871683,0.0782013921219428,0.0449305856256474,0.000986066902265326,-2.64,-0.825,0.37037037037037,4.92967032967033,4.69340659340659,0.0223689529712977
"107","Bill O'Brien","https://en.wikipedia.org/wiki/Bill_O%27Brien_(American_football)",2024,"Boston College","ACC","Patriots","NFL","OC","O",0,0,0,9,16,1,0,1,1,0,0,1,0,0,0,0,0,0,1969,67,57,2025,1,17,0,1,0,0.5,0,1,0,5,0,124,0.540322580645161,-3.65,0.36,0.35,-4.58076923076923,-0.107741935483871,0.766666666666666,0.930769230769231,-0.416666666666667,0.467741935483871,-0.563562379614176,0.107421958547483,-0.659638489475588,-0.218886324898204,0.042834098025431,-0.0116663865342954,-4.94,-4.25,0.466666666666667,-4.23076923076923,-5.08076923076923,-0.0343406593406593
"108","Manny Diaz","https://en.wikipedia.org/wiki/Manny_Diaz_(American_football)",2024,"Duke","ACC","Penn State","Big Ten","DC","D",0,0,0,18,9,1,0,1,0,0,0,0,0,0,0,0,0,0,1974,21,15,2025,1,18,0,0,1,0.5,1,0,0,0,0,36,0.583333333333333,6.1,0.666666666666667,3.4,6.38571428571429,0.187943262411347,1.43076923076923,-0.285714285714286,1.96923076923077,0.478723404255319,0.785620963881007,0.200473086520051,1.15066254534377,0.287534462215959,0.0744075780386569,0.00166736504883358,0.716666666666667,1.76,0.442622950819672,-5.27948717948718,-7.07692307692308,-0.023224043715847
"109","Willie Fritz","https://en.wikipedia.org/wiki/Willie_Fritz",2024,"Houston","Big12","Tulane","MidMajor","HC","D",54,47,0,14,11,1,0,1,0,0,0,1,0,0,0,1,0,0,1960,208,116,2025,1,34,1,0,0,0.534653458484464,0,0,0,14,0,324,0.641975308641975,-0.399999999999999,0.56,2.15,-4.41333333333333,-0.0570212765957446,-0.564285714285715,4.01333333333333,2.71428571428571,0.617021276595745,-0.542963094202026,-0.0790652303594826,-0.349106674134487,-0.20888379972187,-0.029756231766774,-0.000224259779973091,1.32,1.775,0.525423728813559,12.968537414966,11.8692176870748,0.1761378584583
"110","Curt Cignetti","https://en.wikipedia.org/wiki/Curt_Cignetti",2024,"Indiana","Big Ten","James Madison","SunBelt","HC","O",52,9,0,27,2,1,0,1,0,1,0,1,0,1,0,1,0,0,1961,119,35,2025,1,13,1,0,0,0.852458900833147,0,0,0,13,0,154,0.772727272727273,26.25,0.931034482758621,22.5,26.4714285714286,0.551146214602196,23.9071428571429,-0.221428571428572,-1.40714285714286,0.379888268156425,3.25672404042842,3.3497636204201,3.37433381763228,0.510246524633225,0.577340761910209,0.0100139292215545,0.34,1.22,0.403508771929825,0,0,0
"111","Sherrone Moore","https://en.wikipedia.org/wiki/Sherrone_Moore",2024,"Michigan","Big Ten","Michigan","Big Ten","DC","D",0,0,1,16,8,0,1,0,0,1,1,1,0,1,0,0,1,1,1986,0,0,2025,1,4,0,0,1,0.5,1,0,1,-12,1,0,NA,11.5,0.666666666666667,9.95,-6.94615384615384,-0.0280701754385966,-2.89615384615385,18.4461538461538,12.8461538461538,0.694736842105263,-0.854570661278926,-0.405796328359136,-0.171856650267829,-0.0669382621203156,-0.0457015853423521,-1.18388020131643e-05,23.62,16.56,0.82258064516129,NA,NA,NA
"112","Jonathan Smith","https://en.wikipedia.org/wiki/Jonathan_Smith_(American_football_coach)",2024,"Michigan State","Big Ten","Oregon State","Pac","HC","O",34,35,0,4,15,1,1,0,0,0,0,1,0,1,0,0,0,1,1979,34,35,2025,0,12,1,0,0,0.492753625288804,1,0,0,-5,0,69,0.492753623188406,-4,0.210526315789474,-1.55,-13.5357142857143,-0.424394319131161,-7.96428571428571,9.53571428571429,6.41428571428571,0.634920634920635,-1.66527038764486,-1.11592065633953,-2.59830887904931,-0.568313700931323,-0.401570455363599,-0.0986614057182538,0.6,1.06666666666667,0.508771929824561,-2.01190476190476,0.551428571428572,0.000775013562737348
"113","Jeff Lebby","https://en.wikipedia.org/wiki/Jeff_Lebby",2024,"Mississippi State","SEC","Oklahoma","SEC","OC","O",0,0,0,7,18,0,0,1,0,0,0,1,0,1,0,0,0,1,1984,0,0,2025,1,6,0,1,0,0.5,1,0,1,-10,0,0,NA,0,0.28,0.35,-10.1625,-0.290680628272251,-8.975,10.1625,9.325,0.570680628272251,-1.25027094671331,-1.25753749299607,-1.77966109196198,-0.394399706122451,-0.384765482121313,-0.0430015852915475,6.34285714285714,5.47142857142857,0.5,NA,NA,NA
"114","Fran Brown","https://en.wikipedia.org/wiki/Fran_Brown",2024,"Syracuse","ACC","Georgia","SEC","DB","D",0,0,0,13,12,0,0,1,0,0,0,1,1,0,0,0,0,0,1982,0,0,2025,1,4,0,0,0,0.5,1,0,0,-8,0,0,NA,-3.8,0.52,-0.55,-3.20714285714286,0.0875675675675676,0.0807692307692309,-0.592857142857143,-0.630769230769231,0.432432432432432,-0.394568023246725,0.0113170290777448,0.536123077220651,-0.150858786987787,0.00449939653229814,0.00332704409500051,-3.13333333333333,-0.34,0.39344262295082,NA,NA,NA
"115","Mike Elko","https://en.wikipedia.org/wiki/Mike_Elko",2024,"Texas A&M","SEC","Duke","ACC","HC","D",16,9,1,19,7,1,0,1,0,0,0,1,0,0,0,0,0,1,1977,16,9,2025,1,21,1,0,0,0.63999988800009,1,0,0,-3,0,25,0.64,18.85,0.730769230769231,14.4,2.66875,0.104453441295547,2.56875,16.18125,11.83125,0.626315789473684,0.328330685268503,0.359921942633277,0.639505035131247,0.0130589960219714,0.026871607294664,5.90593335217937e-05,15.4333333333333,10.8166666666667,0.616666666666667,10.7076923076923,9.33333333333333,0.220645161290323
"116","Deshaun Foster","https://en.wikipedia.org/wiki/DeShaun_Foster",2024,"UCLA","Big Ten","UCLA","Big Ten","RB","O",0,0,1,5,10,0,1,0,0,0,0,1,1,1,0,0,0,0,1980,0,0,2025,1,0,0,0,0,0.5,1,0,1,-6,1,0,NA,-5,0.333333333333333,0.5,-13.1857142857143,-0.204710144927536,-4.63846153846154,8.18571428571429,5.13846153846154,0.53804347826087,-1.62221062564244,-0.649920812750489,-1.25331599227251,-0.57381839927069,-0.23630474559098,-0.0201418058195237,5.82,5.95,0.56140350877193,NA,NA,NA
"117","Jedd Fisch","https://en.wikipedia.org/wiki/Jedd_Fisch",2024,"Washington","Big Ten","Arizona","Big 12","HC","O",16,21,0,15,11,1,0,1,1,0,0,0,0,0,0,0,0,0,1976,16,21,2025,1,10,1,0,0,0.432432468955422,1,0,0,-2,0,37,0.432432432432432,10.75,0.576923076923077,11.1,-0.91,-0.0685795685795686,-0.0142857142857142,11.66,11.1142857142857,0.645502645502645,-0.111955381206309,-0.00200165140150588,-0.419871081984473,-0.0172784923230093,-0.000237883161350538,-0.000167350839963554,10.1166666666667,9.74,0.701754385964912,-4.69523809523809,-4.04615384615385,-0.0620730620730621
"118","Bill Belichick","https://en.wikipedia.org/wiki/Bill_Belichick",2025,"North Carolina","ACC","NFL","NFL","HC","D",0,0,0,4,8,1,0,1,1,0,0,1,0,0,0,0,0,0,1952,302,165,2025,0,39,1,0,0,0.5,0,1,0,23,0,467,0.646680942184154,-6.6,0.333333333333333,-6.7,-15.3142857142857,-0.208333333333333,-10.6230769230769,8.71428571428571,3.92307692307692,0.541666666666667,-1.88408428026944,-1.48845877679672,-1.27549857620654,-0.649762102477191,-0.534808760913474,-0.020179373255732,8.26666666666667,3.82,0.569230769230769,NA,NA,NA
"119","Barry Odom","https://en.wikipedia.org/wiki/Barry_Odom",2025,"Purdue","Big Ten","UNLV","MidMajor","HC","D",19,8,0,2,10,1,0,1,0,1,0,1,0,1,0,0,0,0,1976,44,33,2025,1,13,1,0,0,0.703703552812183,0,0,0,-1,0,77,0.571428571428571,-6.1,0.166666666666667,-1.6,-4.15625,-0.186924493554328,1.31875,-1.94375,-2.91875,0.353591160220994,-0.511334673778815,0.184777445001512,-1.14442524185603,-0.179014470292587,0.0700230675008041,-0.13856908780746,1.35,1.3,0.421052631578947,6.23466469428008,4.79694280078895,0.0760278508087203
"120","Scott Frost","https://en.wikipedia.org/wiki/Scott_Frost",2025,"UCF","Big 12","Rams","NFL","HC","O",0,0,1,5,7,1,0,1,1,0,0,1,1,1,1,1,0,1,1975,35,38,2025,1,11,1,0,0,0.5,0,1,0,0,0,73,0.479452054794521,-1.2,0.416666666666667,-0.8,-8.72307692307692,-0.232269503546099,-6.05,7.52307692307692,5.25,0.648936170212766,-1.07318176067586,-0.847699368537743,-1.4220452211324,-0.38134359200674,-0.313639975295279,-0.00533527996233063,6.98,4.65,0.548387096774194,1.90821067821068,4.85636363636364,-0.0315443236146098
"121","Jake Dickert","https://en.wikipedia.org/wiki/Jake_Dickert",2025,"Wake Forest","ACC","Washington State","MidMajor","HC","D",23,20,0,9,4,1,0,1,0,0,0,1,0,0,0,0,0,1,1983,23,20,2025,0,9,1,0,0,0.534883704705254,0,0,0,-8,0,43,0.534883720930233,5.7,0.692307692307692,4.2,7.23846153846154,0.232848232848233,5.56666666666667,-1.53846153846154,-1.36666666666667,0.459459459459459,0.89053266031392,0.779976829453461,1.42558842945662,0.333490134593429,0.29782643101359,0.00244290086932564,1.1,2.4,0.516666666666667,4.03076923076923,3.05833333333333,0.11030271534364
"122","Rich Rodriguez","https://en.wikipedia.org/wiki/Rich_Rodriguez",2025,"West Virginia","Big 12","Jacksonville State","CUSA","HC","O",27,10,1,4,8,1,0,1,0,0,0,1,0,1,0,1,0,1,1963,190,128,2025,1,34,1,0,0,0.729729605551565,0,0,0,12,0,318,0.59748427672956,-6.8,0.333333333333333,-2.6,-13.8857142857143,-0.235815602836879,-8.51428571428571,7.08571428571429,5.91428571428571,0.569148936170213,-1.70833014964729,-1.19298423529751,-1.44375583519549,-0.606913387048406,-0.438541495880804,-0.0203889891575698,4.06666666666667,3.3,0.524590163934426,0.584351905404536,-0.705255124991967,0.0133388991778346
"123","Ryan Silverfield","https://en.wikipedia.org/wiki/Ryan_Silverfield",2026,"Arkansas","SEC","Memphis","MidMajor","HC","O",50,25,0,0,0,1,0,0,1,0,0,0,0,0,0,0,0,0,1980,50,25,2026,1,7,1,0,0,0.666666622222234,0,0,0,-4,0,75,0.666666666666667,-0.3,NA,1.1,-7,NA,-2.32666666666667,6.7,3.42666666666667,0.432432432432432,-0.861195240048531,-0.326002291591926,NA,-0.309832678072496,-0.1231870631673,NA,8.41666666666667,5.23333333333333,0.46031746031746,9.33076923076923,7.34153846153846,0.194194194194194
"124","Alex Golesh","https://en.wikipedia.org/wiki/Alex_Golesh",2026,"Auburn","SEC","South Florida","MidMajor","HC","O",23,15,0,0,0,1,0,0,0,1,0,0,0,0,0,0,0,0,1984,23,15,2026,1,6,1,0,0,0.605263102493104,0,0,0,-8,0,38,0.605263157894737,11.4,NA,13,-2.29375,NA,2.6875,13.69375,10.3125,0.554973821989529,-0.282195225980188,0.376560669908295,NA,-0.0343583548450047,0.0399718414712099,NA,8.78571428571428,5.92857142857143,0.435483870967742,4.30714285714286,2.66153846153846,0.160208212839792
"125","Jon Sumrall","https://en.wikipedia.org/wiki/Jon_Sumrall",2026,"Florida","SEC","Tulane","MidMajor","HC","D",20,8,0,0,0,1,0,0,0,1,0,1,0,1,0,1,0,1,1982,43,12,2026,1,13,1,0,0,0.714285561224599,0,0,0,-6,0,55,0.781818181818182,18.5,NA,25.5,4.91176470588235,NA,16.1882352941176,13.5882352941176,9.31176470588235,0.585106382978723,0.604284054992036,2.26822427050644,NA,0.0358660705333259,0.0958170188211858,NA,8.57142857142857,6.61428571428571,0.467741935483871,14.0320952380952,13.0296103896104,0.305243347796539
"126","Lane Kiffin","https://en.wikipedia.org/wiki/Lane_Kiffin",2026,"LSU","SEC","Ole Miss","SEC","HC","O",55,19,0,0,0,1,0,0,1,1,0,1,0,0,0,1,1,1,1975,121,68,2026,1,21,1,0,0,0.743243177501844,1,0,1,1,0,189,0.64021164021164,21.3,NA,25.3,2.34375,NA,10.11875,18.95625,15.18125,0.716494845360825,0.288346620551963,1.41779470832914,NA,0.00545634470688749,0.0165082821138265,NA,11.4285714285714,10.2857142857143,0.636363636363636,6.81423373106541,6.1030887704155,0.138221077833491
"127","Kyle Whittingham","https://en.wikipedia.org/wiki/Kyle_Whittingham",2026,"Michigan","Big Ten","Utah","Big 12","HC","D",177,88,0,0,0,1,0,0,0,0,0,1,1,1,0,1,0,0,1959,177,88,2026,0,34,1,0,0,0.667924515628338,1,0,0,17,0,265,0.667924528301887,14.3,NA,6.6,-4.18571428571428,NA,-7.53571428571429,18.4857142857143,14.1357142857143,0.717277486910995,-0.514959602722897,-1.05587111429436,NA,-0.0277881552465491,-0.153728450908203,NA,20.35,16.0333333333333,0.826086956521739,9.71837606837607,9.02669683257919,0.0850673854447439
"128","Matt Campbell","https://en.wikipedia.org/wiki/Matt_Campbell_(American_football_coach)",2026,"Penn State","Big Ten","Iowa State","Big 12","HC","O",72,55,0,0,0,1,0,0,0,0,0,1,0,1,0,0,1,1,1979,107,70,2026,1,18,1,0,0,0.566929123318248,1,0,0,-3,0,177,0.604519774011299,16.9,NA,7.7,-0.478571428571431,NA,-5.30714285714286,17.3785714285714,13.0071428571429,0.693121693121693,-0.0588776337584203,-0.743613495659437,NA,-0.00254441797718052,-0.106129056204095,NA,20.1666666666667,17.25,0.705882352941177,7.6745721789224,10.1803287021349,0.143110038750996
"129","Bob Chesney","https://en.wikipedia.org/wiki/Bob_Chesney",2026,"UCLA","Big Ten","James Madison","MidMajor","HC","D",21,6,0,0,0,1,0,0,0,1,0,1,0,0,0,1,0,1,1977,129,51,2026,1,20,1,0,0,0.777777572016613,0,0,0,-1,0,180,0.716666666666667,13.8,NA,17.2,7.65333333333333,NA,12.75,6.14666666666667,4.45,0.524590163934426,0.94157346245306,1.786473875844,NA,0.179987034367875,0.258496751074204,NA,2.56666666666667,4.2,0.532258064516129,-0.133333333333333,-1.4,-0.0138888888888888
"130","James Franklin","https://en.wikipedia.org/wiki/James_Franklin_(American_football_coach)",2026,"Virginia Tech","ACC","Penn State","Big Ten","HC","O",104,45,0,0,0,1,0,0,1,1,0,1,0,0,0,1,0,0,1972,128,60,2026,1,21,1,0,0,0.697986550605832,1,0,0,4,0,188,0.680851063829787,12.3,NA,2.9,5.44,NA,-1.1,6.86,4,0.536458333333333,0.669271729409144,-0.154127157915953,NA,0.134233747366707,-0.0546661076077347,NA,-1.3,-0.0285714285714283,0.403225806451613,6.94127154772938,7.5828063021316,0.134858177549173
"131","James Franklin","https://en.wikipedia.org/wiki/James_Franklin_(American_football_coach)",2026,"Virginia Tech","ACC",NA,NA,"HC",NA,NA,NA,NA,NA,NA,1,NA,NA,NA,NA,NA,NA,NA,NA,0,NA,NA,NA,1972,NA,NA,NA,NA,NA,1,0,0,NA,NA,NA,NA,4,NA,NA,NA,NA,NA,NA,NA,NA,NA,6.86,4,0.536458333333333,NA,NA,NA,NA,NA,NA,-1.3,-0.0285714285714283,0.403225806451613,6.94127154772938,7.5828063021316,0.134858177549173
"132","Bob Chesney","https://en.wikipedia.org/wiki/Bob_Chesney",2026,"Virginia Tech","ACC",NA,NA,"HC",NA,NA,NA,NA,NA,NA,1,NA,NA,NA,NA,NA,NA,NA,NA,0,NA,NA,NA,1977,NA,NA,NA,NA,NA,1,0,0,NA,NA,NA,NA,-1,NA,NA,NA,NA,NA,NA,NA,NA,NA,6.86,4,0.536458333333333,NA,NA,NA,NA,NA,NA,-1.3,-0.0285714285714283,0.403225806451613,-0.133333333333333,-1.4,-0.0138888888888888
"133","Brian Hartline","https://en.wikipedia.org/wiki/Brian_Hartline",2026,"Penn State","",NA,NA,"OC",NA,NA,NA,NA,NA,NA,0,NA,NA,NA,NA,NA,NA,NA,NA,0,NA,NA,NA,1986,NA,NA,NA,NA,NA,0,1,0,NA,NA,NA,NA,-10,NA,NA,NA,NA,NA,NA,NA,NA,NA,17.3785714285714,13.0071428571429,0.693121693121693,NA,NA,NA,NA,NA,NA,20.1666666666667,17.25,0.705882352941177,NA,NA,NA
"134","Eli Drinkwitz","https://en.wikipedia.org/wiki/Eliah_Drinkwitz",2026,"Penn State","",NA,NA,"HC",NA,NA,NA,NA,NA,NA,1,NA,NA,NA,NA,NA,NA,NA,NA,0,NA,NA,NA,1983,NA,NA,NA,NA,NA,1,0,0,NA,NA,NA,NA,-7,NA,NA,NA,NA,NA,NA,NA,NA,NA,17.3785714285714,13.0071428571429,0.693121693121693,NA,NA,NA,NA,NA,NA,20.1666666666667,17.25,0.705882352941177,-1.38033764914953,-0.890974866717441,0.036848014698377
"135","Lane Kiffin","https://en.wikipedia.org/wiki/Lane_Kiffin",2026,"LSU","",NA,NA,"HC",NA,NA,NA,NA,NA,NA,1,NA,NA,NA,NA,NA,NA,NA,NA,0,NA,NA,NA,1975,NA,NA,NA,NA,NA,1,0,0,NA,NA,NA,NA,1,NA,NA,NA,NA,NA,NA,NA,NA,NA,18.95625,15.18125,0.716494845360825,NA,NA,NA,NA,NA,NA,11.4285714285714,10.2857142857143,0.636363636363636,6.81423373106541,6.1030887704155,0.138221077833491
"136","Jon Sumrall","https://en.wikipedia.org/wiki/Jon_Sumrall",2026,"LSU","",NA,NA,"HC",NA,NA,NA,NA,NA,NA,1,NA,NA,NA,NA,NA,NA,NA,NA,0,NA,NA,NA,1982,NA,NA,NA,NA,NA,1,0,0,NA,NA,NA,NA,-6,NA,NA,NA,NA,NA,NA,NA,NA,NA,18.95625,15.18125,0.716494845360825,NA,NA,NA,NA,NA,NA,11.4285714285714,10.2857142857143,0.636363636363636,14.0320952380952,13.0296103896104,0.305243347796539
"137","Lane Kiffin","https://en.wikipedia.org/wiki/Lane_Kiffin",2026,"Florida","",NA,NA,"HC",NA,NA,NA,NA,NA,NA,1,NA,NA,NA,NA,NA,NA,NA,NA,0,NA,NA,NA,1975,NA,NA,NA,NA,NA,1,0,0,NA,NA,NA,NA,1,NA,NA,NA,NA,NA,NA,NA,NA,NA,13.5882352941176,9.31176470588235,0.585106382978723,NA,NA,NA,NA,NA,NA,8.57142857142857,6.61428571428571,0.467741935483871,6.81423373106541,6.1030887704155,0.138221077833491
"138","Jedd Fisch","https://en.wikipedia.org/wiki/Jedd_Fisch",2026,"Florida","",NA,NA,"HC",NA,NA,NA,NA,NA,NA,1,NA,NA,NA,NA,NA,NA,NA,NA,0,NA,NA,NA,1976,NA,NA,NA,NA,NA,1,0,0,NA,NA,NA,NA,0,NA,NA,NA,NA,NA,NA,NA,NA,NA,13.5882352941176,9.31176470588235,0.585106382978723,NA,NA,NA,NA,NA,NA,8.57142857142857,6.61428571428571,0.467741935483871,-3.71107619047619,-2.99786813186813,-0.0637647537647538
"139","Jon Sumrall","https://en.wikipedia.org/wiki/Jon_Sumrall",2026,"Auburn","",NA,NA,"HC",NA,NA,NA,NA,NA,NA,1,NA,NA,NA,NA,NA,NA,NA,NA,0,NA,NA,NA,1982,NA,NA,NA,NA,NA,1,0,0,NA,NA,NA,NA,-6,NA,NA,NA,NA,NA,NA,NA,NA,NA,13.69375,10.3125,0.554973821989529,NA,NA,NA,NA,NA,NA,8.78571428571428,5.92857142857143,0.435483870967742,14.0320952380952,13.0296103896104,0.305243347796539
"140","Alex Golesh","https://en.wikipedia.org/wiki/Alex_Golesh",2026,"Auburn","",NA,NA,"HC",NA,NA,NA,NA,NA,NA,1,NA,NA,NA,NA,NA,NA,NA,NA,0,NA,NA,NA,1984,NA,NA,NA,NA,NA,1,0,0,NA,NA,NA,NA,-8,NA,NA,NA,NA,NA,NA,NA,NA,NA,13.69375,10.3125,0.554973821989529,NA,NA,NA,NA,NA,NA,8.78571428571428,5.92857142857143,0.435483870967742,4.30714285714286,2.66153846153846,0.160208212839792
"141","Alex Golesh","https://en.wikipedia.org/wiki/Alex_Golesh",2026,"Arkansas","",NA,NA,"HC",NA,NA,NA,NA,NA,NA,1,NA,NA,NA,NA,NA,NA,NA,NA,0,NA,NA,NA,1984,NA,NA,NA,NA,NA,1,0,0,NA,NA,NA,NA,-8,NA,NA,NA,NA,NA,NA,NA,NA,NA,6.7,3.42666666666667,0.432432432432432,NA,NA,NA,NA,NA,NA,8.41666666666667,5.23333333333333,0.46031746031746,4.30714285714286,2.66153846153846,0.160208212839792
"142","Ryan Silverfield","https://en.wikipedia.org/wiki/Ryan_Silverfield",2026,"Arkansas","",NA,NA,"HC",NA,NA,NA,NA,NA,NA,1,NA,NA,NA,NA,NA,NA,NA,NA,0,NA,NA,NA,1980,NA,NA,NA,NA,NA,1,0,0,NA,NA,NA,NA,-4,NA,NA,NA,NA,NA,NA,NA,NA,NA,6.7,3.42666666666667,0.432432432432432,NA,NA,NA,NA,NA,NA,8.41666666666667,5.23333333333333,0.46031746031746,9.33076923076923,7.34153846153846,0.194194194194194
