Name,Wikipedia,First Season,School Hiring,Conf Hired,School Leaving,Conf Leaving,Previous Position,SideOfBall,Wins at Prev,Losses at Prev,ConnectionToHiring School,WinsPostHire,LossesPostHire,PrevHCAnyLevel,Fired,StillEmployedAtSchool,NFLCoachingExperience,RecruitingCoord,OffFieldIssuesFiring,Former College Player,PlayedNFL,Played Power 4 ,Won National Championship as HC at any level,Won conference championship as HC at any level,Won National championship as OC/DC at any level,Won conference championship as OC/DC at any level,Birth Year,Wins as college (any level)  or NFL HC before hire,Losses as college (any level) or NFL HC before hire,Last year as HC for which they were hired,Conference leaving P4 or not,Regional Ties,Number of years as an OC/DC/AHC/HC when hired
Kirk Ferentz,https://en.wikipedia.org/wiki/Kirk_Ferentz,1999,Iowa,Big Ten,Ravens,NFL,OL,O,0,0,1,213,128,1,0,1,1,0,0,1,0,0,0,0,0,0,1955,12,21,2025,0,1,5
Mike Gundy,https://en.wikipedia.org/wiki/Mike_Gundy,2005,Oklahoma State,Big 12,Oklahoma State,Big 12,OC,O,0,0,1,170,90,0,1,0,0,0,0,1,0,1,0,0,0,0,1967,0,0,2025,1,1,5
Kyle Whittingham,https://en.wikipedia.org/wiki/Kyle_Whittingham,2005,Utah,Big 12,Utah,Big 12,DC,D,0,0,1,177,88,0,0,0,0,0,0,1,1,1,0,0,0,0,1959,0,0,2025,1,1,13
Dabo Swinney,https://en.wikipedia.org/wiki/Dabo_Swinney,2008,Clemson,ACC,Clemson,ACC,OC,O,0,0,1,187,53,0,0,1,0,1,0,1,0,1,0,0,0,0,1969,0,0,2025,1,1,2
Mark Stoops,https://en.wikipedia.org/wiki/Mark_Stoops,2013,Kentucky,SEC,Florida State,ACC,DC,D,0,0,0,82,80,0,1,0,0,0,0,1,0,1,0,0,1,1,1967,0,0,2025,1,1,10
Dave Doeren,https://en.wikipedia.org/wiki/Dave_Doeren,2013,NC State,ACC,Northern Illinois,MidMajor,HC,D,23,4,0,95,70,1,0,1,0,1,0,1,0,0,0,1,0,0,1971,23,4,2025,0,0,9
James Franklin,https://en.wikipedia.org/wiki/James_Franklin_(American_football_coach),2014,Penn State,Big Ten,Vanderbilt,SEC,HC,O,24,15,0,104,45,1,1,0,1,1,0,1,0,0,0,0,0,0,1972,24,15,2025,1,1,9
Jim McElwain,https://en.wikipedia.org/wiki/Jim_McElwain,2015,Florida,SEC,Colorado State,MidMajor,HC,O,22,16,0,22,12,1,1,0,0,0,0,1,0,0,0,0,1,1,1962,22,16,2017,0,1,16
Pat Narduzzi,https://en.wikipedia.org/wiki/Pat_Narduzzi,2015,Pittsburgh,ACC,Michigan State,Big Ten,DC,D,0,0,0,80,61,0,0,1,0,0,0,1,0,0,0,0,0,1,1966,0,0,2025,1,1,14
Kalani Sitake,https://en.wikipedia.org/wiki/Kalani_Sitake,2016,BYU,Big12,Oregon State,MidMajor,DC,D,0,0,1,84,45,0,0,1,0,0,0,1,0,1,0,0,0,0,1975,0,0,2025,1,1,7
Kirby Smart,https://en.wikipedia.org/wiki/Kirby_Smart,2016,Georgia,SEC,Alabama,SEC,DC,D,0,0,1,117,21,0,0,1,1,0,0,1,0,1,0,0,1,1,1975,0,0,2025,1,1,9
Major Applewhite,https://en.wikipedia.org/wiki/Major_Applewhite,2016,Houston,Big12,Houston,Big12,OC,O,0,0,0,15,11,0,1,0,0,0,0,1,0,1,0,0,0,0,1978,0,0,2018,1,1,10
Lovie Smith,https://en.wikipedia.org/wiki/Lovie_Smith,2016,Illinois,Big Ten,Tampa,NFL,HC,D,0,0,0,17,39,1,1,0,1,0,0,1,0,0,0,0,0,0,1958,89,87,2020,0,1,14
Tom Allen,https://en.wikipedia.org/wiki/Tom_Allen_(American_football),2016,Indiana,Big Ten,Indiana ,Big Ten,DC,D,0,0,0,33,49,0,1,0,0,0,0,1,0,0,0,0,0,0,1970,0,0,2023,1,1,6
Matt Campbell,https://en.wikipedia.org/wiki/Matt_Campbell_(American_football_coach),2016,Iowa State,Big12,Toledo,MAC,HC,O,35,15,0,72,55,1,0,0,0,0,0,1,0,1,0,0,1,1,1979,35,15,2025,0,0,8
Ed Orgeron,http://en.wikipedia.org/wiki/Ed_Orgeron,2016,LSU,SEC,LSU,SEC,DL,D,0,0,1,51,20,1,1,0,1,1,0,1,0,1,0,0,0,0,1961,10,25,2021,1,1,15
D.J. Durkin,https://en.wikipedia.org/wiki/D.J._Durkin,2016,Maryland,Big Ten,Michigan,Big Ten,DC,D,0,0,0,10,15,0,1,0,0,0,1,1,0,0,0,0,0,0,1978,0,0,2018,1,0,3
Mark Richt,https://en.wikipedia.org/wiki/Mark_Richt,2016,Miami,ACC,Georgia,SEC,HC,O,145,51,1,26,13,1,0,0,0,0,0,1,0,1,0,1,0,0,1960,145,51,2018,1,1,23
Barry Odom,https://en.wikipedia.org/wiki/Barry_Odom,2016,Missouri,SEC,Missouri,SEC,DC,D,0,0,1,25,25,0,1,0,0,1,0,1,0,1,0,0,0,1,1976,0,0,2019,1,1,4
Chris Ash,https://en.wikipedia.org/wiki/Chris_Ash,2016,Rutgers,Big Ten,Ohio State,Big Ten,DC,D,0,0,0,8,32,0,1,0,0,1,0,1,0,0,0,0,0,1,1973,0,0,2019,1,1,5
Will Muschamp,https://en.wikipedia.org/wiki/Will_Muschamp,2016,South Carolina,SEC,Auburn,SEC,DC,D,0,0,0,28,30,1,1,0,1,0,0,1,0,1,0,0,1,1,1971,28,21,2020,1,1,15
Dino Babers,https://en.wikipedia.org/wiki/Dino_Babers,2016,Syracuse,ACC,Bowling Green,MidMajor,HC,O,18,9,0,41,55,1,1,0,0,1,0,1,0,0,0,1,0,0,1961,37,16,2023,0,1,10
Bronco Mendenhall,https://en.wikipedia.org/wiki/Bronco_Mendenhall,2016,Virginia,ACC,BYU,Big 12,HC,D,99,43,0,36,38,1,0,0,0,0,0,1,0,1,0,1,0,0,1966,99,43,2021,1,0,22
Justin Fuente,https://en.wikipedia.org/wiki/Justin_Fuente,2016,Virginia Tech,ACC,Memphis,MidMajor,HC,O,26,23,0,43,31,1,1,0,0,0,0,1,0,1,0,1,0,1,1976,26,23,2021,0,0,10
Chad Morris,https://en.wikipedia.org/wiki/Chad_Morris,2017,Arkansas,SEC,SMU,Big12,HC,O,14,22,0,4,18,1,1,0,0,0,0,0,0,0,0,0,0,1,1968,0,0,2019,1,1,5
Matt Rhule,https://en.wikipedia.org/wiki/Matt_Rhule,2017,Baylor,Big12,Temple,MidMajor,HC,O,28,23,0,19,20,1,0,0,1,1,0,1,0,1,0,1,0,0,1975,28,23,2019,0,0,11
Justin Wilcox,https://en.wikipedia.org/wiki/Justin_Wilcox_(American_football),2017,California,ACC,Wisconsin,Big Ten,DC,D,0,0,0,48,55,0,1,0,0,0,0,1,0,1,0,0,0,1,1976,0,0,2025,1,1,14
Luke Fickell,https://en.wikipedia.org/wiki/Luke_Fickell,2017,Cincinnati,Big12,Ohio State,Big Ten,DC,D,0,0,0,57,18,0,0,0,0,0,0,1,1,1,0,1,1,1,1973,0,0,2022,1,1,12
P.J. Fleck,https://en.wikipedia.org/wiki/P._J._Fleck,2017,Minnesota,Big Ten,Western Michigan,MidMajor,HC,O,30,22,0,66,44,1,0,1,1,1,0,1,0,0,0,1,0,0,1980,30,22,2025,0,1,4
Lincoln Riley,https://en.wikipedia.org/wiki/Lincoln_Riley,2017,Oklahoma,SEC,Oklahoma,SEC,OC,O,0,0,1,55,10,0,0,0,0,0,0,1,0,1,0,0,0,0,1983,0,0,2021,1,1,7
Matt Luke,https://en.wikipedia.org/wiki/Matt_Luke_(American_football),2017,Ole Miss,SEC,Ole Miss,SEC,OC,O,0,0,1,15,21,0,1,0,0,0,0,1,0,1,0,0,0,0,1976,0,0,2019,1,1,9
Willie Taggart,https://en.wikipedia.org/wiki/Willie_Taggart,2017,Oregon,Big Ten,South Florida,MidMajor,HC,O,24,25,0,7,5,1,0,0,0,0,0,1,0,0,0,0,0,0,1976,40,45,2017,0,0,13
Jeff Brohm,https://en.wikipedia.org/wiki/Jeff_Brohm,2017,Purdue,Big Ten,Western Kentucky,MidMajor,HC,O,30,10,0,36,34,1,0,0,0,0,0,1,1,1,0,1,0,0,1971,30,10,2022,0,1,7
Sonny Dykes,https://en.wikipedia.org/wiki/Sonny_Dykes,2017,SMU,ACC,TCU,Big 12,OA,O,0,0,0,30,18,1,0,0,0,0,0,0,0,0,0,1,0,0,1969,41,45,2021,1,1,12
Tom Herman,https://en.wikipedia.org/wiki/Tom_Herman,2017,Texas,SEC,Houston,Big 12,HC,O,22,4,1,32,18,1,1,0,0,0,0,1,0,0,0,1,1,1,1975,22,4,2020,1,1,12
Kevin Sumlin,https://en.wikipedia.org/wiki/Kevin_Sumlin,2018,Arizona,Pac,Texas A&M,SEC,HC,O,35,17,1,51,26,1,1,0,0,0,0,1,0,1,0,0,0,0,1964,86,43,2020,1,0,14
Herm Edwards,https://en.wikipedia.org/wiki/Herm_Edwards,2018,Arizona State,Pac,None,None,HC,D,0,0,0,18,20,1,1,0,1,0,1,1,1,1,0,0,0,0,1954,54,74,2022,0,0,13
Dan Mullen,https://en.wikipedia.org/wiki/Dan_Mullen,2018,Florida,SEC,Mississippi State,SEC,HC,O,69,46,1,34,15,1,1,0,0,0,0,1,0,0,0,0,1,1,1972,69,46,2021,1,1,13
Willie Taggart,https://en.wikipedia.org/wiki/Willie_Taggart,2018,Florida State,ACC,Oregon,Big Ten,HC,O,7,5,0,9,12,1,1,0,0,0,0,1,0,0,0,0,0,0,1976,47,50,2019,1,1,14
Joe Moorhead,https://en.wikipedia.org/wiki/Joe_Moorhead,2018,Mississippi State,SEC,Penn State,Big Ten,OC,O,0,0,0,14,12,1,1,0,0,1,0,1,0,0,0,1,0,1,1973,38,13,2019,1,0,13
Scott Frost,https://en.wikipedia.org/wiki/Scott_Frost,2018,Nebraska,Big Ten,UCF,Big12,HC,O,19,7,1,16,31,1,1,0,1,0,0,1,1,1,0,1,0,0,1975,19,7,2022,1,1,6
Mario Cristobal,https://en.wikipedia.org/wiki/Mario_Cristobal,2018,Oregon,Big Ten,Oregon,Big Ten,OC,O,0,0,1,35,13,1,0,0,0,1,0,1,1,1,0,1,0,0,1970,27,47,2021,1,1,11
Jeremy Pruitt,https://en.wikipedia.org/wiki/Jeremy_Pruitt,2018,Tennessee,SEC,Alabama,SEC,DC,D,0,0,0,5,19,0,1,0,0,1,0,1,0,1,0,0,1,1,1974,0,0,2020,1,1,5
Jimbo Fisher,https://en.wikipedia.org/wiki/Jimbo_Fisher,2018,Texas A&M,SEC,Florida State,ACC,HC,O,83,23,0,45,25,1,1,0,0,0,0,1,0,0,1,1,1,1,1965,83,23,2023,1,1,21
Josh Heupel,https://en.wikipedia.org/wiki/Josh_Heupel,2018,UCF,Big 12,Missouri,SEC,OC,O,0,0,0,28,8,0,0,0,0,0,0,1,0,1,0,0,0,0,1978,0,0,2020,1,1,7
Chip Kelly,https://en.wikipedia.org/wiki/Chip_Kelly,2018,UCLA,Big Ten,None,None,None,O,0,0,0,35,34,1,1,0,1,0,0,1,0,0,0,1,0,0,1963,46,7,2023,0,1,19
Mel Tucker,https://en.wikipedia.org/wiki/Mel_Tucker,2019,Colorado,Big12,Georgia,SEC,DC,D,0,0,0,5,7,0,0,0,1,0,0,1,0,1,0,0,0,1,1972,0,0,2019,1,0,12
Geoff Collins,https://en.wikipedia.org/wiki/Geoff_Collins_(American_football),2019,Georgia Tech,ACC,Temple,MidMajor,HC,D,15,10,1,10,28,1,1,0,0,1,0,1,0,0,0,0,0,1,1971,15,10,2022,0,1,9
Dana Holgorsen,https://en.wikipedia.org/wiki/Dana_Holgorsen,2019,Houston,Big12,West Virginia,Big12,HC,O,61,41,1,31,28,1,0,0,0,0,0,1,0,0,0,1,0,0,1971,0,0,2023,1,1,6
Les Miles,https://en.wikipedia.org/wiki/Les_Miles,2019,Kansas,Big12,LSU,SEC,HC,O,114,34,0,3,18,1,1,0,1,0,0,1,0,1,1,1,0,0,1953,105,55,2020,1,1,19
Chris Klieman,https://en.wikipedia.org/wiki/Chris_Klieman,2019,Kansas State,Big12,NDSU,FCS,HC,D,69,6,0,54,34,1,0,0,0,0,0,1,0,0,1,1,0,0,1967,72,13,2025,0,1,14
Scott Satterfield,https://en.wikipedia.org/wiki/Scott_Satterfield,2019,Louisville,ACC,Appalachian State,MidMajor,HC,O,51,24,0,25,24,1,0,0,0,0,0,1,0,0,0,1,0,0,1972,51,24,2022,0,1,9
Mike Locksley,https://en.wikipedia.org/wiki/Mike_Locksley,2019,Maryland,Big Ten,Alabama,SEC,OC,O,0,0,1,37,49,1,0,1,0,1,0,1,0,0,0,0,1,1,1969,2,26,2025,1,1,15
Manny Diaz,https://en.wikipedia.org/wiki/Manny_Diaz_(American_football),2019,Miami,ACC,Miami,ACC,DC,D,0,0,1,21,15,0,1,0,0,0,0,0,0,0,0,0,0,0,1974,0,0,2021,1,1,13
Mack Brown,https://en.wikipedia.org/wiki/Mack_Brown,2019,North Carolina,ACC,Texas,Big12,HC,O,158,48,1,44,33,1,1,0,0,0,0,1,0,1,0,0,0,0,1951,244,122,2024,1,1,34
Ryan Day,https://en.wikipedia.org/wiki/Ryan_Day_(American_football),2019,Ohio State,Big Ten,Ohio State,Big Ten,OC,O,0,0,1,82,12,0,0,1,1,0,0,1,0,0,0,0,0,0,1979,0,0,2025,1,1,5
Matt Wells,https://en.wikipedia.org/wiki/Matt_Wells_(American_football_coach),2019,Texas Tech,Big 12,Utah State,MidMajor,HC,O,44,34,0,13,17,1,1,0,0,1,0,1,0,0,0,0,0,1,1973,44,34,2021,0,1,7
Neal Brown,https://en.wikipedia.org/wiki/Neal_Brown,2019,West Virginia,Big 12,Troy,MidMajor,HC,O,35,16,0,37,35,1,1,0,0,0,0,1,0,1,0,1,0,0,1980,35,16,2024,0,1,11
Sam Pittman,https://en.wikipedia.org/wiki/Sam_Pittman,2020,Arkansas,SEC,Georgia,SEC,OL,O,0,0,1,32,34,1,1,0,0,0,0,1,0,0,0,0,0,0,1961,0,0,2025,1,1,9
Dave Aranda,https://en.wikipedia.org/wiki/Dave_Aranda,2020,Baylor,Big12,LSU,SEC,DC,D,0,0,0,36,37,0,0,1,0,0,0,0,0,0,0,0,1,1,1976,0,0,2025,1,1,14
Jeff Hafley,https://en.wikipedia.org/wiki/Jeff_Hafley,2020,Boston College,ACC,Ohio State,Big Ten,DC,D,0,0,0,22,26,0,0,0,1,0,0,1,0,0,0,0,0,1,1979,0,0,2023,1,1,1
Karl Dorrell,https://en.wikipedia.org/wiki/Karl_Dorrell,2020,Colorado,Big12,Dolphins,NFL,AHC,O,0,0,1,8,15,1,1,0,1,0,0,1,0,1,0,0,0,0,1963,35,27,2022,0,1,14
Mike Norvell,https://en.wikipedia.org/wiki/Mike_Norvell,2020,Florida State,ACC,Memphis,MidMajor,HC,O,38,15,0,38,34,1,0,1,0,0,0,1,0,0,0,1,0,0,1981,38,15,2025,0,0,9
Mel Tucker,https://en.wikipedia.org/wiki/Mel_Tucker,2020,Michigan State,Big Ten,Colorado,Big12,HC,D,5,7,0,20,14,1,1,0,1,0,1,1,0,1,0,0,0,1,1972,5,7,2023,1,1,13
Mike Leach,https://en.wikipedia.org/wiki/Mike_Leach_(American_football_coach),2020,Mississippi State,SEC,Washington State,MidMajor,HC,O,55,47,0,19,16,1,0,0,0,0,0,0,0,0,0,0,0,0,1961,139,90,2022,1,1,29
Eli Drinkwitz,https://en.wikipedia.org/wiki/Eliah_Drinkwitz,2020,Missouri,SEC,Appalachian State,MidMajor,HC,O,12,1,0,46,29,1,0,1,0,0,0,0,0,0,0,1,0,1,1983,12,1,2025,0,1,6
Lane Kiffin,https://en.wikipedia.org/wiki/Lane_Kiffin,2020,Ole Miss,SEC,FAU,MidMajor,HC,O,26,13,0,55,19,1,0,0,1,1,0,1,0,0,0,1,1,1,1975,63,34,2025,0,1,15
Greg Schiano,https://en.wikipedia.org/wiki/Greg_Schiano,2020,Rutgers,Big Ten,Ohio State,Big Ten,DC,D,0,0,1,31,41,1,0,1,1,1,0,1,0,0,0,0,0,1,1966,79,88,2025,1,1,18
Jimmy Lake,https://en.wikipedia.org/wiki/Jimmy_Lake,2020,Washington,Big Ten,Washington,Big Ten,DC,D,0,0,1,7,6,0,1,0,1,0,1,1,0,0,0,0,0,0,1976,0,0,2021,1,1,4
Jedd Fisch,https://en.wikipedia.org/wiki/Jedd_Fisch,2021,Arizona,Pac,UCLA,Big Ten,OC,O,1,1,0,16,21,0,0,0,1,0,0,0,0,0,0,0,0,0,1976,0,0,2023,0,1,7
Bryan Harsin,https://en.wikipedia.org/wiki/Bryan_Harsin,2021,Auburn,SEC,Boise State,MidMajor,HC,O,69,19,0,9,12,1,1,0,0,0,0,1,0,0,0,1,0,1,1976,76,24,2022,0,0,15
Bret Bielema,https://en.wikipedia.org/wiki/Bret_Bielema,2021,Illinois,Big Ten,NYGiants,NFL,LB,D,0,0,0,37,26,1,0,1,1,0,0,1,0,1,0,1,0,1,1970,97,58,2025,0,1,16
Lance Leipold,https://en.wikipedia.org/wiki/Lance_Leipold,2021,Kansas,Big12,Buffalo,MidMajor,HC,O,37,33,0,27,35,1,0,1,0,0,0,1,0,0,1,1,0,0,1964,146,39,2025,0,1,18
Marcus Freeman,https://en.wikipedia.org/wiki/Marcus_Freeman,2021,Notre Dame,Indep,Notre Dame,Indep,DC,D,0,0,1,43,12,0,0,1,0,0,0,1,1,1,0,0,0,0,1986,0,0,2025,1,1,6
Shane Beamer,https://en.wikipedia.org/wiki/Shane_Beamer,2021,South Carolina,SEC,Oklahoma,SEC,AHC,O,0,0,1,33,30,0,0,1,0,1,0,1,0,1,0,0,0,0,1977,0,0,2025,1,1,8
Josh Heupel,https://en.wikipedia.org/wiki/Josh_Heupel,2021,Tennessee,SEC,UCF,MidMajor,HC,O,28,8,0,45,20,1,0,1,0,0,0,1,0,1,0,1,0,0,1978,28,8,2025,1,0,10
Steve Sarkisian,https://en.wikipedia.org/wiki/Steve_Sarkisian,2021,Texas,SEC,Alabama,SEC,OC,O,0,0,0,48,20,1,0,1,1,0,0,1,0,1,0,0,1,1,1974,46,35,2025,1,0,13
Gus Malzahn,https://en.wikipedia.org/wiki/Gus_Malzahn,2021,UCF,Big 12,Auburn,SEC,HC,O,68,35,0,28,24,1,0,0,0,0,0,1,0,0,0,1,1,1,1965,77,38,2024,1,1,15
Clark Lea,https://en.wikipedia.org/wiki/Clark_Lea,2021,Vanderbilt,SEC,Notre Dame,Indep,DC,D,0,0,1,26,36,0,0,1,0,1,0,1,0,1,0,0,0,0,1981,0,0,2025,1,1,3
Mike Elko,https://en.wikipedia.org/wiki/Mike_Elko,2022,Duke,ACC,Texas A&M,SEC,DC,D,0,0,0,16,9,0,0,0,0,0,0,1,0,0,0,0,0,1,1977,0,0,2023,1,1,19
Billy Napier,https://en.wikipedia.org/wiki/Billy_Napier,2022,Florida,SEC,Louisiana,MidMajor,HC,O,40,12,0,22,23,1,1,0,0,1,0,1,0,0,0,1,0,0,1979,40,12,2025,0,1,8
Brent Key,https://en.wikipedia.org/wiki/Brent_Key,2022,Georgia Tech,ACC,Georgia Tech,ACC,AHC,O,0,0,1,27,20,0,0,1,0,1,0,1,0,1,0,0,0,0,1978,0,0,2025,1,1,4
Brian Kelly,https://en.wikipedia.org/wiki/Brian_Kelly_(American_football_coach),2022,LSU,SEC,Notre Dame,Indep,HC,D,92,39,0,34,14,1,1,0,0,1,0,1,0,0,1,1,0,0,1961,263,95,2025,1,0,37
Mario Cristobal,https://en.wikipedia.org/wiki/Mario_Cristobal,2022,Miami,ACC,Oregon,Big Ten,HC,O,35,13,1,35,19,1,0,1,0,1,0,1,0,1,0,1,0,0,1970,62,60,2025,1,1,15
Zach Arnett,https://en.wikipedia.org/wiki/Zach_Arnett,2022,Mississippi State,SEC,Mississippi State,SEC,DC,D,0,0,1,5,6,0,1,0,0,0,0,1,0,0,0,0,0,0,1986,0,0,2023,1,1,5
Brent Venables,https://en.wikipedia.org/wiki/Brent_Venables,2022,Oklahoma,SEC,Clemson,ACC,DC,D,0,0,1,32,20,0,0,1,0,0,0,1,0,1,0,0,1,1,1970,0,0,2025,1,1,23
Dan Lanning,https://en.wikipedia.org/wiki/Dan_Lanning,2022,Oregon,Big Ten,Georgia,SEC,DC,D,0,0,0,48,8,0,0,1,0,1,0,1,0,0,0,0,1,1,1986,0,0,2025,1,0,3
Rhett Lashlee,https://en.wikipedia.org/wiki/Rhett_Lashlee,2022,SMU,ACC,Miami,ACC,OC,O,0,0,1,38,16,0,0,1,0,0,0,1,0,1,0,0,0,1,1983,0,0,2025,1,1,11
Sonny Dykes,https://en.wikipedia.org/wiki/Sonny_Dykes,2022,TCU,Big 12,SMU,ACC,HC,O,30,18,0,36,17,1,0,1,0,0,0,0,0,0,0,1,0,0,1969,71,63,2025,1,1,16
Joey McGuire,https://en.wikipedia.org/wiki/Joey_McGuire,2022,Texas Tech,Big 12,Baylor,Big 12,AHC,D,0,0,0,35,18,0,0,1,0,0,0,0,0,0,0,0,0,0,1971,0,0,2025,1,1,3
Lincoln Riley,https://en.wikipedia.org/wiki/Lincoln_Riley,2022,USC,Big Ten,Oklahoma,SEC,HC,O,55,10,1,35,18,1,0,1,0,0,0,1,0,1,0,1,0,0,1983,55,10,2025,1,0,12
Tony Elliott,https://en.wikipedia.org/wiki/Tony_Elliott_(American_football_coach),2022,Virginia,ACC,Clemson,ACC,OC,O,0,0,0,22,26,0,0,1,0,0,0,1,0,1,0,0,1,1,1979,0,0,2025,1,1,7
Brent Pry,https://en.wikipedia.org/wiki/Brent_Pry,2022,Virginia Tech,ACC,Penn State,Big Ten,DC,D,0,0,1,16,24,0,1,0,0,0,0,1,0,0,0,0,0,1,1970,0,0,2025,1,1,17
Kalen DeBoer,https://en.wikipedia.org/wiki/Kalen_DeBoer,2022,Washington,Big Ten,Fresno State,MidMajor,HC,O,12,6,0,25,3,1,0,0,0,0,0,1,0,0,1,1,0,1,1974,79,9,2023,0,1,22
Luke Fickell,https://en.wikipedia.org/wiki/Luke_Fickell,2022,Wisconsin,Big Ten,Cincinnati,Big 12,HC,D,57,18,0,17,21,1,1,1,0,0,0,1,0,1,0,1,1,1,1973,57,18,2025,1,1,18
Kenny Dillingham,https://en.wikipedia.org/wiki/Kenny_Dillingham,2023,Arizona State,Pac,Oregon,Big Ten,OC,O,0,0,1,22,17,0,0,1,0,0,0,0,0,0,0,0,0,0,1990,0,0,2025,1,1,5
Hugh Freeze,https://en.wikipedia.org/wiki/Hugh_Freeze,2023,Auburn,SEC,Liberty,MidMajor,HC,O,34,15,0,15,19,1,1,1,0,0,0,0,0,0,0,1,0,0,1969,76,47,2025,0,1,13
Scott Satterfield,https://en.wikipedia.org/wiki/Scott_Satterfield,2023,Cincinnati,Big12,App State,MidMajor,HC,O,51,24,0,15,22,1,0,1,0,0,0,1,0,0,0,1,0,0,1972,76,48,2025,1,1,13
Deion Sanders,https://en.wikipedia.org/wiki/Deion_Sanders,2023,Colorado,Big12,Jackson State,SWC,HC,O,27,6,0,16,21,1,0,1,0,0,0,1,1,1,0,1,0,0,1967,27,6,2025,0,0,3
Jeff Brohm,https://en.wikipedia.org/wiki/Jeff_Brohm,2023,Louisville,ACC,Purdue,Big Ten,HC,O,36,34,1,28,12,1,0,1,0,0,0,1,1,1,0,1,0,0,1971,66,44,2025,1,1,14
Matt Rhule,https://en.wikipedia.org/wiki/Matt_Rhule,2023,Nebraska,Big Ten,NFL,NFL,HC,O,11,27,0,19,19,1,0,1,1,1,0,1,0,1,0,1,0,0,1975,47,43,2025,0,0,17
David Braun,https://en.wikipedia.org/wiki/David_Braun_(American_football),2023,Northwestern,Big Ten,Northwestern,Big Ten,DC,D,0,0,1,19,19,0,0,1,0,0,0,1,0,0,0,0,1,1,1985,0,0,2025,1,1,10
Ryan Walters,https://en.wikipedia.org/wiki/Ryan_Walters_(American_football),2023,Purdue,Big Ten,Illinois,Big Ten,DC,D,0,0,0,5,19,0,1,0,0,0,0,1,0,1,0,0,0,0,1986,0,0,2024,1,1,7
Troy Taylor,https://en.wikipedia.org/wiki/Troy_Taylor_(American_football),2023,Stanford,ACC,Sacramento State,MidMajor,HC,O,30,8,0,6,18,1,1,0,0,1,1,1,1,1,0,1,0,0,1968,30,8,2024,0,1,7
Kalen DeBoer,https://en.wikipedia.org/wiki/Kalen_DeBoer,2024,Alabama,SEC,Washington,Big Ten,HC,O,25,3,0,20,8,1,0,1,0,0,0,1,0,0,1,1,0,1,1974,104,12,2025,1,0,26
Brent Brennan,https://en.wikipedia.org/wiki/Brent_Brennan,2024,Arizona,Pac,San Jose State,MidMajor,HC,O,34,48,1,13,12,1,0,1,0,1,0,1,0,1,0,1,0,0,1973,34,48,2025,0,1,1
Bill O'Brien,https://en.wikipedia.org/wiki/Bill_O%27Brien_(American_football),2024,Boston College,ACC,Patriots,NFL,OC,O,0,0,0,9,16,1,0,1,1,0,0,1,0,0,0,0,0,0,1969,67,57,2025,1,1,17
Manny Diaz,https://en.wikipedia.org/wiki/Manny_Diaz_(American_football),2024,Duke,ACC,Penn State,Big Ten,DC,D,0,0,0,18,9,1,0,1,0,0,0,0,0,0,0,0,0,0,1974,21,15,2025,1,1,18
Willie Fritz,https://en.wikipedia.org/wiki/Willie_Fritz,2024,Houston,Big12,Tulane,MidMajor,HC,D,54,47,0,14,11,1,0,1,0,0,0,1,0,0,0,1,0,0,1960,208,116,2025,0,1,34
Curt Cignetti,https://en.wikipedia.org/wiki/Curt_Cignetti,2024,Indiana,Big Ten,James Madison,SunBelt,HC,O,52,9,0,27,2,1,0,1,0,1,0,1,0,1,0,1,0,0,1961,119,35,2025,0,1,13
Sherrone Moore,https://en.wikipedia.org/wiki/Sherrone_Moore,2024,Michigan,Big Ten,Michigan,Big Ten,DC,D,0,0,1,16,8,0,1,0,0,1,1,1,0,1,0,0,1,1,1986,0,0,2025,1,1,4
Jonathan Smith,https://en.wikipedia.org/wiki/Jonathan_Smith_(American_football_coach),2024,Michigan State,Big Ten,Oregon State,Pac,HC,O,34,35,0,4,15,1,1,0,0,0,0,1,0,1,0,0,0,1,1979,34,35,2025,1,0,12
Jeff Lebby,https://en.wikipedia.org/wiki/Jeff_Lebby,2024,Mississippi State,SEC,Oklahoma,SEC,OC,O,0,0,0,7,18,0,0,1,0,0,0,1,0,1,0,0,0,1,1984,0,0,2025,1,1,6
Fran Brown,https://en.wikipedia.org/wiki/Fran_Brown,2024,Syracuse,ACC,Georgia,SEC,DB,D,0,0,0,13,12,0,0,1,0,0,0,1,1,0,0,0,0,0,1982,0,0,2025,1,1,4
Mike Elko,https://en.wikipedia.org/wiki/Mike_Elko,2024,Texas A&M,SEC,Duke,ACC,HC,D,16,9,1,19,7,1,0,1,0,0,0,1,0,0,0,0,0,1,1977,16,9,2025,1,1,21
Deshaun Foster,https://en.wikipedia.org/wiki/DeShaun_Foster,2024,UCLA,Big Ten,UCLA,Big Ten,RB,O,0,0,1,5,10,0,1,0,0,0,0,1,1,1,0,0,0,0,1980,0,0,2025,1,1,0
Jedd Fisch,https://en.wikipedia.org/wiki/Jedd_Fisch,2024,Washington,Big Ten,Arizona,Big 12,HC,O,16,21,0,15,11,1,0,1,1,0,0,0,0,0,0,0,0,0,1976,16,21,2025,1,1,10
Bill Belichick,https://en.wikipedia.org/wiki/Bill_Belichick,2025,North Carolina,ACC,NFL,NFL,HC,D,0,0,0,4,8,1,0,1,1,0,0,1,0,0,0,0,0,0,1952,302,165,2025,0,0,39
Barry Odom,https://en.wikipedia.org/wiki/Barry_Odom,2025,Purdue,Big Ten,UNLV,MidMajor,HC,D,19,8,0,2,10,1,0,1,0,1,0,1,0,1,0,0,0,0,1976,44,33,2025,0,1,13
Scott Frost,https://en.wikipedia.org/wiki/Scott_Frost,2025,UCF,Big 12,Rams,NFL,HC,O,0,0,1,5,7,1,0,1,1,0,0,1,1,1,1,1,0,1,1975,35,38,2025,0,1,11
Jake Dickert,https://en.wikipedia.org/wiki/Jake_Dickert,2025,Wake Forest,ACC,Washington State,MidMajor,HC,D,23,20,0,9,4,1,0,1,0,0,0,1,0,0,0,0,0,1,1983,23,20,2025,1,0,9
Rich Rodriguez,https://en.wikipedia.org/wiki/Rich_Rodriguez,2025,West Virginia,Big 12,Jacksonville State,CUSA,HC,O,27,10,1,4,8,1,0,1,0,0,0,1,0,1,0,1,0,1,1963,190,128,2025,0,1,34
Ryan Silverfield,https://en.wikipedia.org/wiki/Ryan_Silverfield,2026,Arkansas,SEC,Memphis,MidMajor,HC,O,50,25,0,0,0,1,0,0,1,0,0,0,0,0,0,0,0,0,1980,50,25,2026,0,1,7
Alex Golesh,https://en.wikipedia.org/wiki/Alex_Golesh,2026,Auburn,SEC,South Florida,MidMajor,HC,O,23,15,0,0,0,1,0,0,0,1,0,0,0,0,0,0,0,0,1984,23,15,2026,0,1,6
Jon Sumrall,https://en.wikipedia.org/wiki/Jon_Sumrall,2026,Florida,SEC,Tulane,MidMajor,HC,D,20,8,0,0,0,1,0,0,0,1,0,1,0,1,0,1,0,1,1982,43,12,2026,0,1,13
Lane Kiffin,https://en.wikipedia.org/wiki/Lane_Kiffin,2026,LSU,SEC,Ole Miss,SEC,HC,O,55,19,0,0,0,1,0,0,1,1,0,1,0,0,0,1,1,1,1975,121,68,2026,1,1,21
Kyle Whittingham,https://en.wikipedia.org/wiki/Kyle_Whittingham,2026,Michigan,Big Ten,Utah,Big 12,HC,D,177,88,0,0,0,1,0,0,0,0,0,1,1,1,0,1,0,0,1959,177,88,2026,1,0,34
Matt Campbell,https://en.wikipedia.org/wiki/Matt_Campbell_(American_football_coach),2026,Penn State,Big Ten,Iowa State,Big 12,HC,O,72,55,0,0,0,1,0,0,0,0,0,1,0,1,0,0,1,1,1979,107,70,2026,1,1,18
Bob Chesney,https://en.wikipedia.org/wiki/Bob_Chesney,2026,UCLA,Big Ten,James Madison,MidMajor,HC,D,21,6,0,0,0,1,0,0,0,1,0,1,0,0,0,1,0,1,1977,129,51,2026,0,1,20
James Franklin,https://en.wikipedia.org/wiki/James_Franklin_(American_football_coach),2026,Virginia Tech,ACC,Penn State,Big Ten,HC,O,104,45,0,0,0,1,0,0,1,1,0,1,0,0,0,1,0,0,1972,128,60,2026,1,1,21